"kingdom","order","count"
"Bacteria","0-14-0-10-38-17",2
"Archaea","0-14-0-20-30-16",5
"Bacteria","0-14-0-20-40-13",2
"Bacteria","02-12-FULL-59-9",2
"Bacteria","1-14-0-20-42-13",2
"Bacteria","1-14-0-20-64-10",7
"Bacteria","1-14-2-50-48-13",1
"Bacteria","16-39-46",4
"Bacteria","2-01-FULL-39-13",1
"Bacteria","2-01-FULL-39-33",8
"Bacteria","2-01-FULL-45-10",8
"Bacteria","2-01-FULL-47-10",1
"Bacteria","2-01-FULL-59-12",2
"Bacteria","2-01-FULL-66-17",2
"Bacteria","2-02-FULL-35-15",6
"Bacteria","2-02-FULL-39-11",13
"Bacteria","2-02-FULL-39-32",6
"Bacteria","2-02-FULL-40-11",5
"Bacteria","2-02-FULL-40-12",37
"Bacteria","2-02-FULL-44-16",7
"Bacteria","2-02-FULL-49-11",1
"Bacteria","2-02-FULL-50-16",4
"Bacteria","2-02-FULL-51-18",9
"Bacteria","2-12-FULL-37-12",1
"Bacteria","2-12-FULL-49-11",9
"Bacteria","2-12-FULL-50-11",5
"Bacteria","2-12-FULL-54-10",5
"Bacteria","20CM-2-55-15",3
"Bacteria","21-64-14",2
"Archaea","40CM-2-53-6",32
"Bacteria","43-37",1
"Bacteria","4484-171",14
"Bacteria","4484-49",1
"Bacteria","4484-93",1
"Bacteria","4572-78",14
"Bacteria","54-19",6
"Bacteria","9FT-COMBO-53-11",2
"Bacteria","AABM5-25-91",9
"Bacteria","Abditibacteriales",3
"Fungi","Abrothallales",44
"Bacteria","Absconditabacterales",19
"Bacteria","AC-67",3
"Animalia","Acanthobdellida",3
"Bacteria","Acanthopleuribacterales",2
"Protozoa","Acanthopodida",2
"Fungi","Acarosporales",379
"Chromista","Acavomonida",1
"Animalia","Accipitriformes",416
"Bacteria","Acetivibrionales",64
"Bacteria","Acetobacterales",268
"Chromista","Achnanthales",1647
"Bacteria","Acholeplasmatales",84
"Bacteria","Acidaminococcales",37
"Bacteria","Acidiferrobacterales",13
"Bacteria","Acidimicrobiales",298
"Bacteria","Acidithiobacillales",12
"Bacteria","Acidobacteriales",113
"Bacteria","Acidoferrales",14
"Bacteria","Acidothermales",1
"Archaea","Aciduliprofundales",10
"Bacteria","Acidulodesulfobacterales",5
"Animalia","Acipenseriformes",116
"Animalia","Acoela",446
"Protozoa","Aconchulinida",86
"Plantae","Acorales",7
"Plantae","Acrochaetiales",120
"Fungi","Acrospermales",69
"Plantae","Acrosymphytales",11
"Animalia","Actiniaria",1219
"Chromista","Actiniscales",3
"Animalia","Actinodontida",193
"Bacteria","Actinomarinales",1
"Bacteria","Actinomycetales",1615
"Chromista","Actinophryida",4
"Animalia","Actinulida",19
"Protozoa","Acytosteliales",80
"Animalia","Adapedonta",412
"Bacteria","Adiutricales",2
"Archaea","Aenigmatarchaeales",13
"Bacteria","Aerophobales",8
"Animalia","Afghanodesmatida",10
"Animalia","Afrosoricida",90
"Chromista","Agamococcidiorida",9
"Fungi","Agaricales",27056
"Fungi","Agaricostilbales",116
"Animalia","Agelasida",391
"Bacteria","Aggregatilineales",70
"Animalia","Agnostida",714
"Animalia","Agoniatitida",500
"Plantae","Ahnfeltiales",6
"Animalia","Akentrogonida",41
"Bacteria","AKS1",1
"Bacteria","AKYH767",80
"Bacteria","AKYH767-A",37
"Chromista","Albuginales",69
"Animalia","Albuliformes",73
"Viruses","Algavirales",34
"Bacteria","Alicyclobacillales",29
"Plantae","Alismatales",6025
"Chromista","Allogromiida",177
"Animalia","Alluroidida",13
"Archaea","Altiarchaeales",2
"Viruses","Amarillovirales",186
"Animalia","Amblypygi",317
"Plantae","Amborellales",1
"Animalia","Amiiformes",95
"Bacteria","Aminicenantales",31
"Bacteria","Ammonifexales",10
"Protozoa","Amoebida",123
"Animalia","Amphidiscosida",202
"Animalia","Amphilepidida",1038
"Animalia","Amphilinidea",10
"Chromista","Amphilothales",2
"Animalia","Amphinomida",265
"Animalia","Amphipoda",10946
"Fungi","Amphisphaeriales",1496
"Fungi","Amplistromatales",36
"Fungi","Amylocorticiales",67
"Bacteria","Anaeroferrophillales",8
"Bacteria","Anaerolineales",262
"Bacteria","Anaeromusales",2
"Animalia","Anaspidacea",33
"Chromista","Anaulales",67
"Plantae","Andreaeales",91
"Plantae","Andreaeobryales",1
"Bacteria","Aneurinibacillales",14
"Animalia","Anguilliformes",1321
"Chromista","Anisolpidiales",6
"Protozoa","Anisonemida",41
"Fungi","Annulatascales",89
"Animalia","Anomoirhaga",23
"Animalia","Anostraca",382
"Animalia","Anseriformes",438
"Archaea","Anstonellales",34
"Animalia","Anthoathecata",1637
"Plantae","Anthocerotales",134
"Animalia","Antipatharia",328
"Animalia","Anura",7832
"Animalia","Aphragmophora",71
"Plantae","Apiales",6660
"Animalia","Aplousobranchia",1606
"Animalia","Aplysiida",153
"Animalia","Apochela",55
"Animalia","Apodida",479
"Animalia","Apodiformes",534
"Animalia","Apororhynchida",7
"Chromista","Apostomatida",35
"Animalia","Apterygiformes",8
"Protozoa","Apusomonadida",4
"Animalia","Apygophora",8
"Bacteria","AqS2",1
"Bacteria","AqS3",1
"Bacteria","Aquicultorales",5
"Bacteria","Aquificales",29
"Plantae","Aquifoliales",714
"Chromista","Arachnoidiscales",53
"Fungi","Arachnomycetales",19
"Animalia","Araeolaimida",571
"Animalia","Araneae",53550
"Animalia","Arbacioida",111
"Protozoa","Arcellinida",256
"Archaea","Archaeoglobales",26
"Animalia","Archaeognatha",332
"Plantae","Archaeolithophyllales",2
"Fungi","Archaeorhizomycetales",2
"Fungi","Archaeosporales",24
"Plantae","Archidiales",36
"Chromista","Archigregarinorida",14
"Animalia","Archinemertea",39
"Animalia","Architaenioglossa",5513
"Animalia","Arcida",1907
"Fungi","Arctomiales",12
"Bacteria","Ardenticatenales",4
"Chromista","Ardissoneales",22
"Plantae","Arecales",3213
"Bacteria","Arenicellales",40
"Animalia","Arguloida",169
"Animalia","Arhynchobdellida",276
"Animalia","Arhynchonemertea",1
"Chromista","Arkhangelskiales",29
"Bacteria","Armatimonadales",12
"Chromista","Armophorida",1
"Bacteria","ARS1246",2
"Fungi","Arthoniales",1617
"Protozoa","Arthracanthida",34
"Animalia","Arthrochirotida",8
"Animalia","Arthrotardigrada",224
"Viruses","Articulavirales",34
"Animalia","Artiodactyla",1997
"Animalia","Asaphida",987
"Fungi","Ascosphaerales",30
"Fungi","Asellariales",14
"Viruses","Asfuvirales",1
"Plantae","Asparagales",44812
"Animalia","Aspidodiadematoida",23
"Animalia","Aspidogastrida",65
"Animalia","Aspidosiphoniformes",29
"Plantae","Asterales",45742
"Fungi","Asterinales",1619
"Chromista","Asterocladales",1
"Chromista","Asterolamprales",163
"Fungi","Asterotexales",2
"Chromista","Astomatida",217
"Chromista","Astrorhizida",1218
"Bacteria","ATCC43930",21
"Animalia","Ateleopodiformes",15
"Fungi","Atheliales",113
"Animalia","Atheriniformes",436
"Bacteria","ATN3",1
"Fungi","Atractiellales",73
"Fungi","Atractosporales",18
"Bacteria","Atribacterales",10
"Plantae","Aulacomniales",13
"Animalia","Aulacopleurida",59
"Chromista","Aulacoseirales",107
"Animalia","Aulopiformes",440
"Fungi","Aureoconidiellales",1
"Fungi","Auriculariales",397
"Plantae","Austrobaileyales",109
"Animalia","Axinellida",620
"Bacteria","Azospirillales",49
"Bacteria","B11-G9",2
"Bacteria","B119-G9",1
"Bacteria","B13-G15",7
"Bacteria","B142",5
"Bacteria","B1SED10-174",6
"Bacteria","B21-G15",1
"Bacteria","B21-G16",1
"Bacteria","B21-G9",1
"Bacteria","B22-G15",2
"Archaea","B24",9
"Archaea","B25",5
"Archaea","B26-1",68
"Bacteria","B26-G9",7
"Bacteria","B28-G17",1
"Archaea","B29-G17",6
"Bacteria","B3-G13",2
"Bacteria","B3-TA06",5
"Archaea","B31-G17",1
"Archaea","B33-G15",4
"Bacteria","B4-G1",29
"Archaea","B47-G6B",2
"Bacteria","B48-G9",6
"Bacteria","B68-G9",3
"Bacteria","B70-G9",2
"Archaea","B87-G9",1
"Bacteria","Babeliales",56
"Bacteria","Bac17",1
"Bacteria","Bacillales",392
"Bacteria","Bacillales_A",161
"Bacteria","Bacillales_B",134
"Bacteria","Bacillales_C",5
"Bacteria","Bacillales_D",230
"Bacteria","Bacillales_E",2
"Bacteria","Bacillales_G",43
"Bacteria","Bacillales_H",74
"Chromista","Bacillariales",1917
"Bacteria","Bacteriovoracales",49
"Bacteria","Bacteroidales",1907
"Fungi","Baeomycetales",218
"Animalia","Baerida",24
"Plantae","Balbianiales",1
"Archaea","Baldrarchaeales",3
"Plantae","Balliales",3
"Bacteria","Balneolales",96
"Bacteria","Baltobacterales",40
"Plantae","Bangiales",98
"Viruses","Baphyvirales",31
"Plantae","Bartramiales",282
"Fungi","Basidiobolales",8
"Animalia","Bathynellacea",164
"Animalia","Bathyteuthida",10
"Fungi","Batistiales",3
"Animalia","Batrachoidiformes",93
"Plantae","Batrachospermales",85
"Bacteria","BD1-5",29
"Animalia","Bdelloidea",422
"Bacteria","Bdellovibrionales",47
"Bacteria","Beggiatoales",26
"Animalia","Belemnitida",205
"Viruses","Belfryvirales",2
"Animalia","Beloniformes",333
"Plantae","Berberidopsidales",4
"Bacteria","Berkiellales",3
"Animalia","Beroida",30
"Animalia","Beryciformes",308
"Fungi","Bezerromycetales",5
"Chromista","Biddulphiales",491
"Animalia","Biemnida",108
"Protozoa","Bihospitida",1
"Bacteria","Bin125",5
"Bacteria","Bin18",9
"Bacteria","Bin61",5
"Bacteria","Bin65",6
"Bacteria","Bin95",2
"Bacteria","Bin98",1
"Bacteria","Binatales",6
"Bacteria","Bipolaricaulales",19
"Animalia","Bivalvulida",750
"Plantae","Blasiales",4
"Fungi","Blastocladiales",135
"Chromista","Blastodiniales",9
"Animalia","Blattodea",9622
"Viruses","Blubervirales",18
"Bacteria","BM002",2
"Bacteria","BM003",1
"Bacteria","BM507",54
"Bacteria","BMS3ABIN01",6
"Animalia","Bochusacea",6
"Protozoa","Bodonida",13
"Fungi","Boletales",2589
"Chromista","Bolidomonadales",1
"Fungi","Boliniales",84
"Plantae","Bonnemaisoniales",22
"Plantae","Boraginales",3828
"Archaea","Borrarchaeales",4
"Bacteria","Borreliales",51
"Animalia","Bothriocephalidea",180
"Animalia","Bothriocidaroida",11
"Animalia","Bothrioplanida",4
"Chromista","Botrydiales",7
"Fungi","Botryosphaeriales",4614
"Animalia","Brachypoda",12
"Bacteria","Brachyspirales",12
"Bacteria","Bradymonadales",14
"Animalia","Branchiobdellida",157
"Plantae","Brassicales",6029
"Bacteria","Brevibacillales",29
"Bacteria","Brevinematales",6
"Animalia","Brisingida",113
"Bacteria","Brocadiales",28
"Plantae","Bruniales",94
"Plantae","Bryales",1107
"Bacteria","Bryobacterales",66
"Chromista","Bryometopida",30
"Chromista","Bryophryida",8
"Plantae","Bryopsidales",345
"Plantae","Bryoxiphiales",4
"Bacteria","Bu52",1
"Animalia","Bubarida",155
"Animalia","Bucerotiformes",81
"Bacteria","Buchananbacterales",11
"Fungi","Buckleyzymales",5
"Viruses","Bunyavirales",1026
"Archaea","Burarchaeales",2
"Bacteria","Burkholderiales",1854
"Chromista","Bursariomorphida",53
"Animalia","Bursovaginoidea",74
"Plantae","Buxales",147
"Plantae","Buxbaumiales",12
"Bacteria","C00003060",10
"Archaea","CABMEP01",2
"Bacteria","CACEW01",2
"Bacteria","CACJXQ01",2
"Bacteria","CADAEX01",10
"Bacteria","CADAWZ01",2
"Bacteria","CADDZG01",12
"Bacteria","CADDZV01",1
"Bacteria","CADEGL01",2
"Bacteria","Caedimonadales",12
"Bacteria","Caenarcaniphilales",6
"Bacteria","CAIKKV01",8
"Bacteria","CAILAD01",6
"Archaea","CAILAH01",2
"Bacteria","CAILIB01",2
"Bacteria","CAILMK01",9
"Bacteria","CAIMUX01",7
"Bacteria","CAINFC01",1
"Bacteria","CAIPTA01",2
"Bacteria","CAIQBE01",1
"Bacteria","CAIRSR01",2
"Bacteria","CAIRYL01",2
"Bacteria","CAISDR01",1
"Bacteria","CAISOG01",2
"Bacteria","CAISUE01",3
"Bacteria","CAIUCS01",1
"Bacteria","CAIUEV01",7
"Bacteria","CAIUPP01",1
"Bacteria","CAIVPW01",3
"Bacteria","CAIWAD01",2
"Bacteria","CAIXNZ01",4
"Bacteria","CAIXZC01",3
"Bacteria","CAIYCZ01",7
"Bacteria","CAIYYT01",3
"Bacteria","CAJBMM01",1
"Bacteria","CAJFEE01",1
"Bacteria","CAJQNE01",1
"Animalia","Calanoida",2850
"Fungi","Calcarisporiellales",1
"Bacteria","Caldalkalibacillales",2
"Archaea","Caldarchaeales",18
"Bacteria","Calderihabitantales",1
"Bacteria","Caldicellulosiruptorales",13
"Bacteria","Caldicoprobacterales",28
"Bacteria","Caldilineales",21
"Bacteria","Caldisericales",7
"Bacteria","Calditerricolales",3
"Bacteria","Calditrichales",10
"Bacteria","Calescibacteriales",3
"Fungi","Caliciales",1557
"Animalia","Callipodida",162
"Animalia","Callochitonida",55
"Plantae","Calobryales",9
"Animalia","Caloneurodea",34
"Fungi","Calosphaeriales",88
"Animalia","Camarodonta",404
"Animalia","Cambojiida",1
"Bacteria","Campylobacterales",330
"Fungi","Cancellidiales",7
"Fungi","Candelariales",78
"Plantae","Canellales",99
"Fungi","Cantharellales",978
"Animalia","Capilloventrida",6
"Fungi","Capnodiales",1641
"Animalia","Caprimulgiformes",128
"Animalia","Capsalidea",258
"Bacteria","Carboxydocellales",2
"Bacteria","Carboxydothermales",5
"Animalia","Carcharhiniformes",537
"Animalia","Cardiida",3816
"Bacteria","Cardiobacteriales",22
"Plantae","Cardiopteridales",129
"Animalia","Carditida",1631
"Animalia","Cariamiformes",8
"Animalia","Carnivora",1736
"Chromista","Carterinida",10
"Animalia","Carybdeida",42
"Plantae","Caryophyllales",16092
"Animalia","Caryophyllidea",179
"Animalia","Casuariiformes",10
"Animalia","Cathetocephalidea",10
"Plantae","Catoscopiales",1
"Animalia","Caudata",922
"Viruses","Caudovirales",6024
"Plantae","Caulerpales",1
"Bacteria","Caulobacterales",218
"Plantae","Celastrales",1509
"Chromista","Centrales",42
"Chromista","Centrohelida",20
"Animalia","Cephalaspidea",1978
"Animalia","Cephalobaenida",48
"Fungi","Cephalothecales",34
"Fungi","Ceraceosorales",3
"Plantae","Ceramiales",1346
"Protozoa","Ceratiomyxales",12
"Animalia","Ceratitida",3437
"Animalia","Ceratodontiformes",149
"Plantae","Ceratophyllales",11
"Animalia","Cestida",2
"Animalia","Cetacea",695
"Animalia","Cetomimiformes",34
"Bacteria","CF-121",17
"Bacteria","CG1-02-37-114",5
"Bacteria","CG1-02-43-210",1
"Bacteria","CG1-02-64-396",1
"Archaea","CG10238-14",22
"Bacteria","CG2-30-33-46",1
"Bacteria","CG2-30-40-12",2
"Bacteria","CG2-30-59-28",2
"Bacteria","CG2-30-64-16",5
"Bacteria","CG2-30-66-41",1
"Bacteria","Ch115",4
"Bacteria","Ch128b",5
"Bacteria","Ch66",4
"Chromista","Chaetocerales",1
"Chromista","Chaetocerotales",1232
"Animalia","Chaetodermatida",143
"Fungi","Chaetomellales",185
"Plantae","Chaetopeltidales",12
"Plantae","Chaetophorales",106
"Fungi","Chaetosphaeriales",1056
"Plantae","Chaetosphaeridiales",7
"Fungi","Chaetothyriales",895
"Animalia","Characiformes",2462
"Animalia","Charadriiformes",613
"Plantae","Charales",259
"Chromista","Chattonellales",26
"Animalia","Cheilostomatida",11032
"Animalia","Chelodida",31
"Chromista","Chilodonellida",5
"Animalia","Chimaericolidea",5
"Animalia","Chimaeriformes",326
"Animalia","Chirodropida",14
"Animalia","Chiroptera",1798
"Bacteria","Chitinivibrionales",25
"Bacteria","Chitinophagales",555
"Animalia","Chitonida",1033
"Viruses","Chitovirales",83
"Bacteria","Chlamydiales",128
"Chromista","Chlamydodontida",30
"Plantae","Chlamydomonadales",165
"Chromista","Chlamydomyxales",1
"Bacteria","Chloracidobacteriales",7
"Chromista","Chloramoebales",11
"Plantae","Chloranthales",96
"Chromista","Chlorarachniales",1
"Plantae","Chlorellales",159
"Bacteria","Chlorobiales",34
"Plantae","Chlorocystidales",2
"Plantae","Chlorodendrales",25
"Bacteria","Chloroflexales",53
"Plantae","Chlorokybales",5
"Plantae","Chloropicales",2
"Protozoa","Choanoflagellida",154
"Animalia","Chondrillida",45
"Animalia","Chondrosiida",12
"Chromista","Chordariales",3
"Animalia","Chordeumatida",1504
"Chromista","Choreotrichida",335
"Bacteria","Christensenellales",727
"Animalia","Chromadorida",1012
"Bacteria","Chromatiales",122
"Chromista","Chromulinales",212
"Chromista","Chrysanthemodiscales",1
"Bacteria","Chrysiogenales",4
"Chromista","Chrysomeridales",4
"Chromista","Chrysosphaerales",9
"Bacteria","Chthoniobacterales",99
"Bacteria","Chthonomonadales",14
"Fungi","Chytridiales",621
"Protozoa","Chytridiopsida",27
"Animalia","Ciconiiformes",70
"Animalia","Cidaroida",632
"Animalia","Cingulata",386
"Viruses","Cirlivirales",268
"Fungi","Cladochytriales",27
"Plantae","Cladophorales",209
"Fungi","Cladoriellales",5
"Fungi","Classiculales",3
"Animalia","Clathrinida",251
"Chromista","Climacospheniales",20
"Animalia","Clionaida",238
"Bacteria","Cloacimonadales",39
"Bacteria","Clostridiales",259
"Animalia","Clupeiformes",600
"Animalia","Clymeniida",131
"Animalia","Clypeasteroida",387
"Animalia","Cnemidolestodea",85
"Chromista","Coccidiniales",5
"Chromista","Coccolithales",35
"Chromista","Coccosphaerales",106
"Animalia","Cocculinida",70
"Animalia","Coelacanthiformes",146
"Plantae","Colaconematales",28
"Plantae","Coleochaetales",19
"Animalia","Coleoptera",373306
"Animalia","Coliiformes",20
"Fungi","Collemopsidiales",78
"Animalia","Collothecacea",61
"Animalia","Coloniales",161
"Chromista","Colpodellida",2
"Chromista","Colpodida",112
"Animalia","Colpomyida",5
"Chromista","Colponemida",1
"Animalia","Columbiformes",438
"Animalia","Comatulida",795
"Plantae","Commelinales",1115
"Fungi","Comminutisporales",1
"Bacteria","Competibacterales",25
"Plantae","Compsopogonales",5
"Archaea","Conexivisphaerales",7
"Fungi","Coniochaetales",124
"Fungi","Coniocybales",50
"Fungi","Conioscyphales",18
"Fungi","Coniosporiales",71
"Animalia","Conocardiida",220
"Animalia","Copelata",76
"Bacteria","Coprothermobacterales",5
"Animalia","Coraciiformes",246
"Animalia","Corallimorpharia",49
"Plantae","Corallinales",788
"Fungi","Cordanales",25
"Chromista","Corethrales",15
"Bacteria","Coriobacteriales",265
"Plantae","Cornales",960
"Animalia","Coronatae",78
"Fungi","Coronophorales",276
"Fungi","Corticiales",238
"Fungi","Coryneliales",67
"Animalia","Corynexochida",742
"Plantae","Corynodactylales",1
"Chromista","Coscinodiscales",1503
"Bacteria","COTS27",2
"Bacteria","Coxiellales",27
"Archaea","CR-4",37
"Bacteria","CR04bin15",2
"Animalia","Craniida",85
"Animalia","Crassiclitellata",5909
"Animalia","Craterostigmomorpha",2
"Viruses","Cremevirales",84
"Protozoa","Cribrariales",179
"Plantae","Crossosomatales",73
"Bacteria","Cryosericales",5
"Viruses","Cryppavirales",110
"Fungi","Cryptocaliciales",1
"Animalia","Cryptolobiferida",2
"Chromista","Cryptomonadales",78
"Fungi","Cryptomycocolacales",2
"Animalia","Cryptostomida",1604
"Archaea","CSSed11-243R1",4
"Animalia","Ctenostomatida",478
"Bacteria","CTSoil-072",2
"Animalia","Cuculiformes",187
"Plantae","Cucurbitales",3601
"Bacteria","Culicoidibacterales",3
"Animalia","Cumacea",1875
"Bacteria","Curtissbacterales",14
"Chromista","Cutleriales",11
"Plantae","Cyanidiales",2
"Bacteria","Cyanobacteriales",1483
"Plantae","Cyatheales",942
"Plantae","Cycadales",755
"Plantae","Cyclocrinales",5
"Animalia","Cycloneritida",2320
"Chromista","Cyclophorales",31
"Animalia","Cyclophyllidea",1227
"Animalia","Cyclopoida",4898
"Animalia","Cyclostomatida",2939
"Chromista","Cyclotrichida",37
"Animalia","Cydippida",77
"Chromista","Cymatosirales",124
"Chromista","Cymbellales",2541
"Fungi","Cyphobasidiales",9
"Animalia","Cypriniformes",5429
"Animalia","Cyprinodontiformes",1530
"Animalia","Cyrtodontida",140
"Chromista","Cyrtolophosidida",53
"Animalia","Cyrtonellida",68
"Animalia","Cyrtoneritida",75
"Chromista","Cyrtophorida",231
"Fungi","Cystobasidiales",36
"Fungi","Cystofilobasidiales",51
"Animalia","Cystoporida",1407
"Bacteria","Cytophagales",582
"Fungi","Cyttariales",15
"Bacteria","D8A-2",16
"Fungi","Dacrymycetales",225
"Animalia","Dactylogyridea",3386
"Protozoa","Dactylopodida",12
"Plantae","Dasycladales",252
"Animalia","Dasyuromorphia",158
"Bacteria","Daviesbacterales",32
"Animalia","Decapoda",22210
"Bacteria","Deferribacterales",19
"Bacteria","Deferrisomatales",8
"Bacteria","Dehalobacteriales",3
"Bacteria","Dehalococcoidales",77
"Bacteria","Deinococcales",147
"Fungi","Delonicicolales",6
"Animalia","Dendroceratida",76
"Plantae","Dendrocerotales",70
"Animalia","Dendrochirotida",1105
"Animalia","Dendrogastrida",55
"Animalia","Dentaliida",536
"Animalia","Dermaptera",2137
"Animalia","Dermoptera",23
"Animalia","Desmacellida",38
"Chromista","Desmarestiales",14
"Plantae","Desmidiales",1141
"Animalia","Desmodorida",922
"Chromista","Desmomastigales",1
"Animalia","Desmoscolecida",349
"Chromista","Desmothoracida",2
"Bacteria","Desulfarculales",6
"Bacteria","Desulfatiglandales",39
"Bacteria","Desulfitibacterales",2
"Bacteria","Desulfitobacteriales",38
"Bacteria","Desulfobaccales",13
"Bacteria","Desulfobacterales",159
"Bacteria","Desulfobulbales",94
"Bacteria","Desulfofervidales",2
"Bacteria","Desulfomonilales",11
"Bacteria","Desulfotomaculales",89
"Bacteria","Desulfovibrionales",192
"Bacteria","Desulfurellales",9
"Bacteria","Desulfuribacillales",3
"Bacteria","Desulfurobacteriales",15
"Bacteria","Desulfuromonadales",78
"Bacteria","Dethiobacterales",19
"Chromista","Developayellales",1
"Bacteria","DG-27",1
"Animalia","Diadematoida",49
"Animalia","Diaphanopterodea",54
"Fungi","Diaporthales",4294
"Animalia","Diclybothriidea",78
"Plantae","Dicranales",2217
"Animalia","Dictyoceratida",789
"Chromista","Dictyochales",30
"Bacteria","Dictyoglomales",5
"Chromista","Dictyoneidales",15
"Chromista","Dictyosiphonales",14
"Protozoa","Dictyosteliales",73
"Chromista","Dictyotales",157
"Animalia","Didelphimorphia",330
"Chromista","Dileptida",82
"Plantae","Dilleniales",619
"Fungi","Dimargaritales",14
"Chromista","Dinophysiales",182
"Animalia","Dioctophymatida",19
"Plantae","Dioscoreales",1049
"Protozoa","Diphylleida",3
"Animalia","Diphyllidea",69
"Animalia","Diphyllobothriidea",127
"Plantae","Diphysciales",17
"Animalia","Diplobelida",1
"Protozoa","Diplonemida",5
"Bacteria","Diplorickettsiales",10
"Animalia","Diplostomida",1364
"Animalia","Diplostraca",1515
"Animalia","Diplura",577
"Animalia","Diprotodontia",525
"Plantae","Dipsacales",1586
"Animalia","Diptera",175228
"Plantae","Disceliales",1
"Chromista","Discoasterales",17
"Chromista","Discosporangiales",2
"Protozoa","Dissociodihaplophasida",362
"Bacteria","Dissulfuribacterales",20
"Protozoa","Distomatida",18
"Fungi","Distoseptisporales",60
"Fungi","Diversisporales",168
"Plantae","Dixoniellales",2
"Fungi","Doassansiales",56
"Plantae","Dolichomastigales",5
"Animalia","Dolichomicrostomida",88
"Animalia","Doliolida",26
"Bacteria","Dongiales",10
"Bacteria","Dormibacterales",34
"Animalia","Dorylaimida",2559
"Fungi","Dothideales",1567
"Archaea","DRAE01",1
"Bacteria","DRJJ01",1
"Bacteria","DRLM01",1
"Bacteria","DRLW01",8
"Bacteria","DRMK01",4
"Bacteria","DRVO01",3
"Bacteria","DRWM01",6
"Bacteria","DSGV01",1
"Bacteria","DSLN01",2
"Bacteria","DSOJ01",1
"Bacteria","DSPP01",4
"Bacteria","DSSB01",3
"Bacteria","DSTF01",4
"Bacteria","DSUL01",2
"Bacteria","DSUN01",4
"Bacteria","DSWA01",1
"Bacteria","DT-59",1
"Archaea","DTBS01",1
"Archaea","DTDM01",1
"Bacteria","DTEH01",2
"Bacteria","DTGQ01",2
"Bacteria","DTHP01",1
"Bacteria","DTIG01",1
"Bacteria","DTJE01",11
"Bacteria","DTJY01",2
"Bacteria","DTKB01",1
"Bacteria","DTKN01",3
"Bacteria","DTKO01",1
"Archaea","DTKX01",2
"Bacteria","DTLA01",3
"Bacteria","DTLL01",1
"Bacteria","DTNB01",1
"Archaea","DTNL01",6
"Bacteria","DTOW01",1
"Bacteria","DTPP01",2
"Bacteria","DTQI01",1
"Bacteria","DTRM01",1
"Bacteria","DTU010",36
"Bacteria","DTU014",2
"Bacteria","DTU022",65
"Bacteria","DTU080",6
"Bacteria","DTU086",4
"Bacteria","DTU087",12
"Bacteria","DTUO25",9
"Bacteria","DUEN01",2
"Bacteria","DULZ01",4
"Bacteria","DUMF01",1
"Bacteria","DUMP01",6
"Bacteria","DUMW01",1
"Plantae","Dunaliellales",2
"Bacteria","DUPQ01",6
"Viruses","Durnavirales",171
"Bacteria","DUSP01",1
"Bacteria","DY22613",2
"Fungi","Dyfrolomycetales",6
"Chromista","Dysteriida",81
"Bacteria","E26-bin7",1
"Bacteria","E44-bin15",5
"Bacteria","E44-bin18",1
"Protozoa","Ebriida",10
"Protozoa","Eccrinida",100
"Animalia","Echiniscoidea",349
"Animalia","Echinolampadacea",742
"Animalia","Echinoneoida",95
"Animalia","Echinorhagata",184
"Animalia","Echinorhynchida",589
"Protozoa","Echinosteliales",22
"Animalia","Echinothurioida",72
"Animalia","Echiuroidea",186
"Chromista","Ectocarpales",325
"Bacteria","Ectothiorhodospirales",47
"Chromista","Eiffellithales",149
"Bacteria","Elainellales",25
"Animalia","Elasipodida",211
"Animalia","Ellobiida",718
"Chromista","Ellobiopsida",1
"Animalia","Elopiformes",89
"Bacteria","Elsterales",7
"Bacteria","Elusimicrobiales",76
"Animalia","Embioptera",475
"Animalia","Enantiopoda",1
"Plantae","Encalyptales",44
"Animalia","Enchytraeida",941
"Animalia","Encrinida",14
"Fungi","Endogonales",43
"Bacteria","Endomicrobiales",21
"Chromista","Endothyrida",2010
"Animalia","Enoplida",2018
"Bacteria","Enterobacterales",1450
"Bacteria","Enterobacterales_A",19
"Animalia","Entomobryomorpha",4380
"Fungi","Entomophthorales",347
"Fungi","Entorrhizales",19
"Protozoa","Entosiphonida",28
"Bacteria","Entotheonellales",3
"Fungi","Entrophosporales",12
"Plantae","Entwisleiales",1
"Fungi","Entylomatales",291
"Animalia","Eoblattida",17
"Plantae","Ephedrales",104
"Animalia","Ephemeroptera",4347
"Plantae","Equisetales",212
"Bacteria","Eremiobacterales",7
"Fungi","Eremithallales",68
"Plantae","Ericales",15782
"Animalia","Erinaceomorpha",250
"Bacteria","Erysipelotrichales",189
"Fungi","Erythrobasidiales",16
"Plantae","Erythropeltidales",39
"Plantae","Escalloniales",166
"Animalia","Esociformes",61
"Animalia","Esthonioporata",10
"Chromista","Ethmodiscales",21
"Animalia","Euaxosida",62
"Bacteria","Eubacteriales",72
"Protozoa","Eubodonida",2
"Chromista","Eucoccidiida",1
"Chromista","Eucoccidiorida",314
"Protozoa","Euglenida",465
"Chromista","Eugregarinida",45
"Chromista","Eugregarinorida",503
"Animalia","Euhirudinea",24
"Animalia","Eunicida",1677
"Chromista","Eunotiales",1133
"Animalia","Euphausiacea",90
"Chromista","Euplotida",301
"Fungi","Eurotiales",1821
"Animalia","Euryalida",248
"Animalia","Eurypygiformes",3
"Chromista","Eustigmatales",17
"Protozoa","Eutreptiida",17
"Bacteria","Euzebyales",18
"Bacteria","Evansiales",2
"Archaea","EX4484-135",3
"Archaea","EX4484-217-1",2
"Bacteria","Exiguobacterales",23
"Fungi","Exobasidiales",197
"Bacteria","F11",7
"Plantae","Fabales",25925
"Plantae","Fagales",2652
"Fungi","Falcocladiales",7
"Animalia","Falconiformes",119
"Animalia","Fecampiida",17
"Animalia","Fenestrida",2748
"Bacteria","Fermentibacterales",9
"Bacteria","Ferrovibrionales",5
"Bacteria","Fibrobacterales",21
"Fungi","Filobasidiales",93
"Animalia","Filospermoidea",28
"Bacteria","Fimbriimonadales",31
"Bacteria","Flavobacteriales",1619
"Chromista","Florenciellales",3
"Animalia","Flosculariaceae",182
"Animalia","Forcipulatida",320
"Animalia","Fordillida",12
"Plantae","Fossombroniales",110
"Chromista","Fragilariales",1415
"Bacteria","Francisellales",29
"Fungi","Franziozymales",1
"Chromista","Fucales",208
"Plantae","Funariales",242
"Fungi","Fuscosporellales",20
"Bacteria","Fusobacteriales",89
"Chromista","Fusulinida",7083
"Bacteria","FW602-bin16",1
"Bacteria","Ga0077536",13
"Bacteria","Ga0077536_A",1
"Bacteria","Ga0077554",4
"Animalia","Gadiformes",908
"Animalia","Gadilida",342
"Bacteria","Gaiellales",47
"Animalia","Galeommatida",858
"Animalia","Galliformes",448
"Animalia","Ganeshida",2
"Plantae","Garryales",32
"Animalia","Gasterosteiformes",81
"Bacteria","Gastranaerophilales",137
"Animalia","Gastrochaenida",66
"Animalia","Gaviiformes",23
"Archaea","Gearchaeales",4
"Fungi","Geastrales",172
"Plantae","Gelidiales",113
"Animalia","Gelyelloida",2
"Fungi","Geminibasidiales",5
"Bacteria","Geminicoccales",10
"Bacteria","Gemmatales",44
"Bacteria","Gemmatimonadales",107
"Plantae","Gentianales",25388
"Bacteria","Geobacterales",100
"Fungi","Geoglossales",109
"Animalia","Geophilomorpha",1457
"Fungi","Georgefischeriales",47
"Archaea","Geothermarchaeales",4
"Bacteria","Geothermincolales",10
"Bacteria","Geothermocultorales",1
"Viruses","Geplafuvirales",758
"Plantae","Geraniales",1041
"Viruses","Ghabrivirales",97
"Bacteria","GIF10",47
"Bacteria","GIF9",46
"Animalia","Gigantorhynchida",70
"Plantae","Gigartinales",653
"Plantae","Gigaspermales",7
"Plantae","Ginkgoales",393
"Plantae","Glaucocystales",5
"Plantae","Glaucosphaerales",4
"Plantae","Gleicheniales",299
"Bacteria","Gloeobacterales",6
"Bacteria","Gloeomargaritales",2
"Fungi","Gloeophyllales",59
"Fungi","Glomerales",163
"Fungi","Glomerellales",830
"Animalia","Glomerida",359
"Animalia","Glomeridesmida",36
"Animalia","Glosselytrodea",54
"Protozoa","Glugeida",320
"Bacteria","GM7ARS4",2
"Bacteria","GN15",19
"Plantae","Gnetales",109
"Animalia","Gnosonesimida",6
"Animalia","Gobiesociformes",195
"Animalia","Golfingiiformes",104
"Fungi","Gomphales",553
"Animalia","Goniatitida",2158
"Animalia","Gonorynchiformes",61
"Chromista","Gonyaulacales",736
"Animalia","Gordioidea",415
"Viruses","Goujianvirales",4
"Bacteria","Gp22-AA2",7
"Bacteria","Gp7-AA8",13
"Plantae","Gracilariales",130
"Bacteria","Granulosicoccales",7
"Fungi","Graphidales",20
"Plantae","Grimmiales",504
"Fungi","Gromochytriales",2
"Chromista","Grossglockneriida",11
"Animalia","Gruiformes",436
"Animalia","Grylloblattodea",733
"Archaea","Gugararchaeales",1
"Plantae","Gunnerales",107
"Archaea","GW2011-AR5",26
"Bacteria","GWA2-35-9",5
"Bacteria","GWA2-38-13b",1
"Bacteria","GWA2-43-13",2
"Bacteria","GWA2-44-7",50
"Bacteria","GWA2-46-9",3
"Bacteria","GWA2-47-26",3
"Bacteria","GWA2-58-10",2
"Bacteria","GWB1-36-13",1
"Bacteria","GWC2-36-17",8
"Bacteria","GWF2-35-9",4
"Bacteria","GWF2-39-127",1
"Fungi","Gyalectales",116
"Chromista","Gymnodiniales",492
"Animalia","Gymnophiona",238
"Animalia","Gymnotiformes",280
"Animalia","Gyracanthocephala",125
"Animalia","Gyrocotylidea",14
"Animalia","Gyrodactylidea",695
"Bacteria","H02-48-17",1
"Bacteria","H5-PLA8",2
"Bacteria","H5-UNCL2",1
"Archaea","Hadarchaeales",11
"Animalia","Hadrosida",71
"Chromista","Haemospororida",19
"Bacteria","Hakubanellales",1
"Bacteria","Halanaerobiales",33
"Bacteria","Haliangiales",27
"Animalia","Halicryptomorpha",2
"Archaea","Halobacteriales",370
"Bacteria","Halobacteroidales",22
"Animalia","Halocyprida",549
"Viruses","Halopanivirales",14
"Bacteria","Haloplasmatales",5
"Bacteria","Haloplasmatales_A",5
"Viruses","Haloruvirales",16
"Plantae","Halosphaerales",20
"Fungi","Halosphaeriales",1
"Bacteria","Halothiobacillales",13
"Chromista","Halteriida",26
"Plantae","Halymeniales",126
"Animalia","Haplobothriidea",2
"Animalia","Haplosclerida",1170
"Protozoa","Haplosporida",35
"Animalia","Haplotaxida",67
"Chromista","Haptoglossales",12
"Chromista","Haptorida",222
"Animalia","Harpacticoida",5170
"Fungi","Harpellales",268
"Animalia","Harpetida",135
"Bacteria","Hat2",1
"Plantae","Hedwigiales",47
"Archaea","Helarchaeales",7
"Fungi","Helicobasidiales",34
"Plantae","Helicophyllales",1
"Bacteria","Heliobacteriales",14
"Animalia","Heliolitina",16
"Fungi","Helotiales",9273
"Chromista","Hemiaulales",342
"Animalia","Hemiptera",109904
"Viruses","Hepelivirales",32
"Archaea","Hermodarchaeles",6
"Viruses","Herpesvirales",265
"Fungi","Herpomycetales",27
"Animalia","Heteramorphida",1
"Animalia","Heterodontiformes",64
"Fungi","Heterogastridiales",4
"Chromista","Heterogloeales",6
"Animalia","Heteronemertea",494
"Chromista","Heterotrichida",701
"Animalia","Hexamerocerata",8
"Animalia","Hexanchiformes",52
"Bacteria","HGM11327",5
"Bacteria","HGM11514",2
"Chromista","Hibberdiales",32
"Plantae","Hildenbrandiales",12
"Protozoa","Himatismenida",5
"Bacteria","HIMB59",168
"Animalia","Hippuritida",451
"Bacteria","HK1",6
"Archaea","Hodarchaeales",6
"Animalia","Hoilungea",2
"Animalia","Holasteroida",245
"Animalia","Holectypoida",63
"Protozoa","Holomastigida",1
"Bacteria","Holophagales",14
"Bacteria","Holosporales",8
"Animalia","Holothuriida",249
"Animalia","Holothyrida",31
"Fungi","Holtermanniales",8
"Animalia","Homosclerophorida",136
"Plantae","Hookeriales",617
"Bacteria","HP12",1
"Bacteria","HR10",7
"Bacteria","HRBIN30",7
"Bacteria","HTCC5015",3
"Archaea","Huberarchaeales",1
"Plantae","Huerteales",32
"Bacteria","Humimicrobiales",18
"Bacteria","Hydrogenedentiales",41
"Bacteria","Hydrogenothermales",18
"Bacteria","Hydrothermales",1
"Archaea","Hydrothermarchaeales",14
"Chromista","Hydrurales",4
"Fungi","Hymeneliales",72
"Fungi","Hymenochaetales",1503
"Plantae","Hymenophyllales",641
"Animalia","Hymenoptera",151666
"Chromista","Hymenostomatida",411
"Animalia","Hyocrinida",33
"Chromista","Hyphochytriales",25
"Plantae","Hypnales",4420
"Plantae","Hypnodendrales",91
"Fungi","Hypocreales",6487
"Animalia","Hypoperlida",5
"Plantae","Hypopterygiales",28
"Animalia","Hyracoidea",77
"Fungi","Hysterangiales",154
"Fungi","Hysteriales",247
"Archaea","Iainarchaeales",47
"Plantae","Icacinales",207
"Animalia","Idiosepida",7
"Bacteria","Ignavibacteriales",66
"Archaea","IMC4",19
"Bacteria","IMCC26256",21
"Viruses","Imitervirales",24
"Bacteria","Immundisolibacterales",5
"Chromista","Involutinida",252
"Chromista","Ishigeales",2
"Chromista","Isochrysidales",24
"Animalia","Isocrinida",166
"Plantae","Isoetales",264
"Animalia","Isolaimida",13
"Animalia","Isopoda",11494
"Bacteria","Isosphaerales",18
"Animalia","Ixodida",1014
"Bacteria","Izemoplasmatales",66
"Bacteria","J002",1
"Bacteria","J025",1
"Bacteria","J040",2
"Bacteria","J044",1
"Bacteria","J045",3
"Bacteria","J048",1
"Bacteria","J057",4
"Bacteria","J063",1
"Bacteria","J102",10
"Bacteria","J103",1
"Bacteria","J113",1
"Bacteria","J137",3
"Bacteria","JAABTG01",2
"Bacteria","JAABVY01",5
"Bacteria","JAACEG01",2
"Bacteria","JAACET01",1
"Bacteria","JAADDB01",5
"Archaea","JAADDC01",5
"Bacteria","JAADFJ01",1
"Bacteria","JAADFP01",1
"Bacteria","JAADGH01",1
"Bacteria","JAADGQ01",2
"Bacteria","JAADGY01",2
"Bacteria","JAADHQ01",2
"Bacteria","JAADHS01",1
"Bacteria","JAADJB01",1
"Bacteria","JAAEKA01",2
"Bacteria","JAAKFQ01",1
"Archaea","JAANXF01",1
"Bacteria","JAAOII01",1
"Fungi","Jaapiales",3
"Bacteria","JAAXGF01",1
"Bacteria","JAAYCJ01",3
"Bacteria","JAAYEA01",1
"Bacteria","JAAYHZ01",1
"Bacteria","JAAYKD01",3
"Bacteria","JAAYKL01",6
"Bacteria","JAAYSF01",1
"Bacteria","JAAYUB01",4
"Bacteria","JAAYUI01",5
"Bacteria","JAAYXC01",1
"Bacteria","JAAYZQ01",4
"Bacteria","JAAZAB01",8
"Bacteria","JAAZEB01",4
"Bacteria","JAAZLZ01",3
"Bacteria","JABABF01",1
"Bacteria","JABCZS01",2
"Bacteria","JABDDW01",2
"Bacteria","JABDGN01",3
"Bacteria","JABDJR01",1
"Bacteria","JABDLF01",1
"Bacteria","JABDMI01",2
"Bacteria","JABEVK01",2
"Bacteria","JABGRK01",1
"Bacteria","JABGVJ01",1
"Bacteria","JABHGC01",2
"Bacteria","JABIPA01",2
"Archaea","JABLTI01",8
"Bacteria","JABLXB01",2
"Bacteria","JABMQE01",2
"Bacteria","JABMQH01",1
"Bacteria","JABMQR01",3
"Bacteria","JABMRG01",3
"Bacteria","JABMRJ01",3
"Bacteria","JABMRN01",6
"Bacteria","JABMSA01",1
"Bacteria","JABSOH01",6
"Bacteria","JABSQK01",1
"Bacteria","JABURT01",2
"Bacteria","JABWAM01",3
"Bacteria","JABWBI01",2
"Bacteria","JABWCM01",1
"Bacteria","JABXHR01",1
"Bacteria","JACAEB01",1
"Bacteria","JACCUZ01",1
"Bacteria","JACCXJ01",2
"Bacteria","JACCXV01",1
"Bacteria","JACCYU01",2
"Bacteria","JACCYY01",1
"Bacteria","JACDCP01",1
"Bacteria","JACDOE01",1
"Archaea","JACIWG01",1
"Bacteria","JACIWP01",1
"Bacteria","JACIWR01",1
"Bacteria","JACIYH01",1
"Bacteria","JACIZP01",3
"Bacteria","JACMPN01",1
"Bacteria","JACNKJ01",3
"Bacteria","JACOSC01",1
"Bacteria","JACOVV01",1
"Bacteria","JACOXK01",2
"Bacteria","JACOXO01",1
"Bacteria","JACPCR01",1
"Bacteria","JACPEP01",1
"Bacteria","JACPHC01",1
"Bacteria","JACPHY01",1
"Bacteria","JACPKC01",2
"Bacteria","JACPL01",1
"Bacteria","JACPPT01",1
"Bacteria","JACPPY01",2
"Bacteria","JACPQD01",1
"Bacteria","JACPQF01",1
"Bacteria","JACPQK01",2
"Bacteria","JACPQL01",1
"Bacteria","JACPQR01",1
"Bacteria","JACPRG01",1
"Bacteria","JACPRK01",5
"Bacteria","JACPRU01",1
"Bacteria","JACPXH01",1
"Bacteria","JACPZF01",2
"Bacteria","JACPZX01",1
"Archaea","JACPZZ01",5
"Bacteria","JACQBW01",3
"Bacteria","JACQBZ01",4
"Bacteria","JACQCE01",1
"Bacteria","JACQGW01",1
"Bacteria","JACQHA01",1
"Bacteria","JACQJE01",1
"Bacteria","JACQJN01",2
"Bacteria","JACQJP01",1
"Bacteria","JACQLN01",2
"Bacteria","JACQLU01",1
"Bacteria","JACQOE01",1
"Bacteria","JACQPE01",4
"Archaea","JACQPN01",1
"Archaea","JACQPP01",1
"Bacteria","JACQPQ01",1
"Archaea","JACQQB01",1
"Bacteria","JACQQS01",1
"Bacteria","JACQQV01",1
"Bacteria","JACQRZ01",7
"Bacteria","JACQSD01",1
"Bacteria","JACQTF01",1
"Bacteria","JACQTR01",1
"Bacteria","JACQTT01",1
"Bacteria","JACQUA01",1
"Bacteria","JACQUD01",1
"Bacteria","JACQUE01",1
"Bacteria","JACQUS01",1
"Bacteria","JACQVU01",1
"Bacteria","JACQXL01",4
"Bacteria","JACQXS01",1
"Bacteria","JACRCY01",1
"Bacteria","JACRDY01",1
"Bacteria","JACREF01",1
"Archaea","JACRGF01",1
"Bacteria","JACRGQ01",4
"Bacteria","JACRGW01",1
"Bacteria","JACRHA01",1
"Bacteria","JACRHJ01",1
"Bacteria","JACRHK01",1
"Bacteria","JACRJV01",1
"Bacteria","JACRMK01",2
"Bacteria","JACROU01",2
"Bacteria","JACVQG01",3
"Bacteria","JADFCT01",1
"Bacteria","JADFCW01",2
"Bacteria","JADGBV01",1
"Bacteria","JADHYG01",1
"Bacteria","JADJWH01",2
"Bacteria","JADQBR01",3
"Bacteria","JAEEML01",1
"Bacteria","JAENJB01",1
"Bacteria","JAEUKQ01",2
"Bacteria","JAEULC01",1
"Bacteria","JAEULF01",1
"Bacteria","JAFEDO01",1
"Bacteria","JAFGBY01",1
"Bacteria","JAFGDC01",1
"Bacteria","JAFGDJ01",1
"Bacteria","JAFGEP01",1
"Bacteria","JAFGEY01",4
"Bacteria","JAFGGJ01",1
"Bacteria","JAFGGP01",1
"Bacteria","JAFGHF01",3
"Bacteria","JAFGHX01",1
"Bacteria","JAFGIU01",1
"Bacteria","JAFGJP01",1
"Bacteria","JAFGJU01",1
"Bacteria","JAFGLO01",1
"Archaea","JAFGOX01",1
"Bacteria","JAFGQG01",2
"Archaea","JAFGQM01",1
"Bacteria","JAFGXH01",1
"Bacteria","JAFGXN01",1
"Bacteria","JAGOAT01",1
"Bacteria","JAGOGO01",2
"Bacteria","JAGOUN01",1
"Bacteria","JAGOUU01",1
"Bacteria","JAGOZY01",2
"Bacteria","JAGPBS01",1
"Bacteria","JAGPKW01",1
"Bacteria","JAHCSD01",1
"Archaea","JAHENH01",1
"Bacteria","JAHIPI01",3
"Bacteria","JAHISY01",1
"Bacteria","JAHIVN01",2
"Bacteria","JAHJFT01",1
"Bacteria","JAHJGZ01",2
"Bacteria","JAHJIN01",1
"Bacteria","JAHJIW01",1
"Bacteria","JAHJQQ01",3
"Bacteria","JAHJRV01",1
"Bacteria","JAHJRZ01",1
"Bacteria","JAHJSF01",1
"Fungi","Jahnulales",50
"Protozoa","Jakobida",1
"Bacteria","JAQUO01",1
"Bacteria","JC228",1
"Bacteria","JC444",7
"Bacteria","Jiangellales",20
"Viruses","Jingchuvirales",59
"Fungi","Jobellisiales",8
"Archaea","Jordarchaeales",3
"Animalia","Julida",1636
"Plantae","Jungermanniales",3354
"Viruses","Kalamavirales",23
"Bacteria","Kapabacteriales",55
"Chromista","Karyorelictida",5
"Animalia","Kentrogonida",251
"Animalia","Kentrorhagata",39
"Animalia","Kermasida",9
"Fungi","Kickxellales",44
"Chromista","Kiitrichida",5
"Bacteria","Kiloniellales",26
"Animalia","Kirengellida",45
"Bacteria","Kiritimatiellales",13
"Plantae","Klebsormidiales",30
"Bacteria","Koleobacterales",3
"Fungi","Koralionastetales",14
"Archaea","Korarchaeales",9
"Fungi","Kriegeriales",20
"Bacteria","Krumholzibacteriales",9
"Bacteria","Kryptoniales",4
"Bacteria","KS3-K002",9
"Bacteria","Ktedonobacterales",28
"Bacteria","Kyrpidiales",2
"Fungi","Laboulbeniales",2395
"Chromista","Labyrinthulida",15
"Bacteria","Lachnospirales",1434
"Bacteria","Lactobacillales",896
"Animalia","Lagarocotylidea",1
"Chromista","Lagenida",664
"Chromista","Lagenismatales",1
"Animalia","Lagomorpha",266
"Fungi","Lahmiales",3
"Plantae","Lamiales",31585
"Chromista","Laminariales",85
"Animalia","Lamniformes",320
"Animalia","Lampriformes",44
"Plantae","Langiophytales",7
"Bacteria","Latescibacterales",3
"Plantae","Laurales",4275
"Animalia","Laurida",64
"Fungi","Lauriomycetales",11
"Bacteria","LBFQ01",8
"Bacteria","LD1-PB3",16
"Animalia","Lecanicephalidea",178
"Fungi","Lecanorales",7290
"Fungi","Lecideales",623
"incertae sedis","Lefavirales",210
"Bacteria","Legionellales",96
"Plantae","Leiosporocerotales",1
"Fungi","Lembosinales",26
"Bacteria","Lentisphaerales",3
"Fungi","Leotiales",265
"Animalia","Leperditicopida",10
"Animalia","Lepetellida",1343
"Animalia","Lepidopleurida",295
"Animalia","Lepidoptera",181487
"Fungi","Lepidostromatales",15
"Animalia","Lepisosteiformes",57
"Chromista","Leptocylindrales",9
"Bacteria","Leptolyngbyales",127
"Chromista","Leptomitales",46
"Protozoa","Leptomyxida",3
"Animalia","Leptosomiformes",1
"Bacteria","Leptospirales",50
"Bacteria","Leptospirillales",5
"Animalia","Leptostraca",71
"Animalia","Leptothecata",2399
"Animalia","Leucosolenida",620
"Fungi","Leucosporidiales",12
"Bacteria","Levybacterales",48
"Fungi","Lichenoconiales",17
"Fungi","Lichenostigmatales",40
"Fungi","Lichenotheliales",19
"Animalia","Lichida",536
"Fungi","Lichinales",394
"Fungi","Lichinodiales",2
"Chromista","Licmophorales",181
"Chromista","Licnophorida",12
"Viruses","Ligamenvirales",29
"Plantae","Liliales",2264
"Animalia","Limida",663
"Bacteria","Limnochordales",6
"Bacteria","Limnochordales_A",5
"Bacteria","Limnocylindrales",42
"Animalia","Limnognathida",1
"Animalia","Limnomedusae",70
"Fungi","Lineolatales",1
"Animalia","Lingulida",478
"Animalia","Lithobiomorpha",1251
"Chromista","Lithodesmiales",81
"Animalia","Lithonida",29
"Animalia","Litobothriidea",9
"Animalia","Littorinimorpha",19677
"Chromista","Lituolida",3952
"Animalia","Lobata",46
"Fungi","Lobulomycetales",7
"Chromista","Loftusiida",1106
"Bacteria","Longimicrobiales",72
"Animalia","Lophiiformes",482
"Chromista","Lophodiniales",2
"Animalia","Lophogastrida",64
"Chromista","Loxodida",59
"Animalia","Lucinida",1282
"Fungi","Lulworthiales",63
"Animalia","Lumbriculida",278
"Plantae","Lunulariales",1
"Bacteria","Lutisporales",6
"Animalia","Lychniscosida",178
"Plantae","Lycopodiales",676
"Plantae","Lyonophytales",2
"Chromista","Lyrellales",26
"Animalia","Lyssacinosida",420
"Bacteria","LZORAL124-64-63",18
"Bacteria","M30B25",1
"Bacteria","M55B111",5
"Bacteria","M55B152",1
"Animalia","Macroscelidea",62
"Bacteria","Magasanikbacterales",62
"Fungi","Magnaporthales",303
"Bacteria","Magnetococcales",42
"Plantae","Magnoliales",3988
"Bacteria","Mahellales",2
"Animalia","Malacalcyonacea",2805
"Fungi","Malasseziales",23
"Plantae","Malpighiales",21944
"Plantae","Malvales",8407
"Plantae","Mamiellales",15
"Animalia","Mantodea",2722
"Animalia","Mantophasmatodea",36
"Plantae","Marattiales",243
"Plantae","Marchantiales",551
"Bacteria","Marinisomatales",70
"Animalia","Mariplanellida",4
"Bacteria","Mariprofundales",22
"Archaea","Marsarchaeales",4
"Plantae","Marsupiomonadales",1
"Viruses","Martellivirales",248
"Chromista","Mastogloiales",478
"Animalia","Mazocraeidea",987
"Bacteria","MC1",1
"Bacteria","Mcinerneyibacteriales",3
"Animalia","Mecoptera",1540
"Fungi","Medeolariales",1
"Animalia","Megalodontida",183
"Animalia","Megaloptera",432
"Animalia","Meganisoptera",42
"Animalia","Megasecoptera",107
"Protozoa","Meiodihaplophasida",326
"Animalia","Meiopriapulomorpha",1
"Fungi","Melanosporales",245
"Animalia","Melicerititida",116
"Fungi","Meliolales",2516
"Chromista","Melosirales",755
"Animalia","Merliida",47
"Animalia","Mermithida",684
"Animalia","Mesitornithiformes",3
"Bacteria","Mesoaciditogales",7
"Animalia","Mesostigmata",8189
"Plantae","Mesostigmatales",1
"Protozoa","Metchnikovellida",30
"Archaea","Methanobacteriales",147
"Archaea","Methanocellales",5
"Archaea","Methanococcales",21
"Archaea","Methanofastidiosales",7
"Archaea","Methanoliparales",4
"Archaea","Methanomassiliicoccales",88
"Archaea","Methanomethylicales",8
"Archaea","Methanomicrobiales",97
"Archaea","Methanonatronarchaeales",4
"Archaea","Methanopyrales",2
"Archaea","Methanosarcinales",73
"Archaea","Methanosarcinales_A",1
"Archaea","Methanotrichales",11
"Bacteria","Methylacidiphilales",33
"Bacteria","Methylococcales",154
"Bacteria","Methylomirabilales",16
"Plantae","Metteniusales",67
"Plantae","Metzgeriales",461
"Archaea","Mgiii",20
"Bacteria","Micavibrionales",60
"Archaea","Micrarchaeales",8
"Fungi","Micraspidales",4
"Fungi","Microascales",1048
"Animalia","Microbiotheria",17
"Fungi","Microbotryales",169
"Bacteria","Micropepsales",11
"Animalia","Micropygoida",2
"Fungi","Microstromatales",53
"Plantae","Microthamniales",1
"Fungi","Microthyriales",996
"Chromista","Miliolida",4427
"Animalia","Millericrinida",81
"Bacteria","Miltoncostaeales",19
"Viruses","Mindivirales",14
"Protozoa","Ministeriida",1
"Fungi","Minutisphaerales",28
"Bacteria","Minwuiales",2
"Animalia","Miomoptera",52
"Chromista","Mischococcales",156
"Animalia","Misophrioida",37
"Fungi","Mixiales",1
"Bacteria","ML615J-28",38
"Bacteria","MnTg04",1
"Animalia","Modiomorphida",191
"Bacteria","Moduliflexales",3
"Plantae","Moellerinales",1
"Animalia","Molpadida",117
"Animalia","Monhysterida",1298
"Fungi","Moniliellales",19
"Animalia","Moniliformida",23
"Animalia","Moniligastrida",193
"Fungi","Monoblastiales",115
"Fungi","Monoblepharidales",36
"Animalia","Monocotylidea",219
"Bacteria","Monoglobales",47
"Animalia","Mononchida",506
"Viruses","Mononegavirales",960
"Animalia","Monostilifera",624
"Animalia","Monotremata",23
"Animalia","Monstrilloida",179
"Animalia","Montchadskyellidea",1
"Bacteria","Moorellales",14
"Bacteria","Moranbacterales",76
"Animalia","Mormonilloida",4
"Fungi","Mortierellales",153
"Bacteria","Motilibacterales",4
"Bacteria","MPNO01",15
"Fungi","Mucorales",413
"Animalia","Mugiliformes",137
"Bacteria","Muirbacteriales",1
"Viruses","Mulpavirales",17
"Animalia","Multivalvulida",121
"Animalia","Musophagiformes",23
"Animalia","Muspiceida",15
"Viruses","Muvirales",16
"Fungi","Muyocopronales",85
"Bacteria","MVZB01",1
"Bacteria","MWAK01",2
"Bacteria","MWCT01",2
"Bacteria","MWEM01",2
"Animalia","Myalinida",1160
"Bacteria","Mycobacteriales",1471
"Fungi","Mycocaliciales",151
"Bacteria","Mycoplasmatales",309
"Fungi","Mycosphaerellales",7224
"Animalia","Myctophiformes",460
"Animalia","Myida",1314
"Animalia","Myliobatiformes",507
"Animalia","Myodocopida",1042
"Animalia","Myopsida",53
"Fungi","Myriangiales",411
"Fungi","Myrmecridiales",29
"Plantae","Myrtales",16720
"Animalia","Mysida",1317
"Animalia","Mystacocaridida",13
"Animalia","Mytilida",1161
"Fungi","Mytilinidiales",187
"Animalia","Myxiniformes",93
"Bacteria","Myxococcales",89
"Plantae","Naiaditales",3
"Animalia","Nanaloricida",45
"Bacteria","Nannocystales",13
"Archaea","Nanoarchaeales",5
"Bacteria","Nanopelagicales",152
"Archaea","Nanosalinales",15
"Fungi","Naohideales",1
"Animalia","Narapida",1
"Animalia","Narcomedusae",92
"Chromista","Nassellaria",432
"Chromista","Nassulida",183
"Chromista","Nassulopsida",8
"Fungi","Natipusillales",4
"Protozoa","Natomonadida",36
"Bacteria","Natranaerobiales",5
"Bacteria","Nautiliales",14
"Animalia","Nautilida",1437
"Chromista","Naviculales",9432
"Bacteria","NDHX01",1
"Animalia","Nectiopoda",30
"Animalia","Nectopantopoda",1
"Animalia","Neelipleona",60
"Plantae","Nemaliales",153
"Plantae","Nemastomatales",34
"Animalia","Nemertodermatida",18
"Chromista","Nemodermatales",1
"Fungi","Neocallimastigales",45
"Fungi","Neocelosporiales",2
"Fungi","Neodactylariales",2
"Animalia","Neoechinorhynchida",186
"Animalia","Neogastropoda",26217
"Plantae","Neohodgsoniales",1
"Fungi","Neolectales",5
"Animalia","Neomphalida",62
"Fungi","Neophaeothecales",3
"Animalia","Neopilinida",31
"Bacteria","Neosynechococcales",1
"Fungi","Nephridiophagales",17
"Plantae","Nephroselmidales",13
"Animalia","Neuroptera",6994
"Bacteria","Nevskiales",42
"Archaea","Nezhaarchaeales",3
"Viruses","Nidovirales",134
"Animalia","Nippotaeniidea",6
"Bacteria","Nitriliruptorales",26
"Bacteria","Nitrococcales",33
"Bacteria","Nitrosococcales",23
"Archaea","Nitrososphaerales",111
"Bacteria","Nitrospinales",28
"Bacteria","Nitrospirales",112
"Bacteria","NMUJ01",1
"Chromista","Noctilucales",19
"Viruses","Nodamuvirales",11
"Chromista","Nodosariida",3884
"Archaea","Norongarragalinales",25
"Bacteria","NORP286",1
"Viruses","Norzivirales",426
"Animalia","Notacanthiformes",41
"Animalia","Notoryctemorphia",3
"Animalia","Notostraca",31
"Plantae","Notothyladales",71
"Fungi","Novakomycetales",1
"Bacteria","NS11-12g",61
"Protozoa","Nucleariida",12
"Animalia","Nuculanida",1233
"Animalia","Nuculida",613
"Animalia","Nudibranchia",3124
"Animalia","Nyctibiiformes",8
"Plantae","Nymphaeales",184
"Bacteria","O2-12-FULL-45-9",12
"Bacteria","Obscuribacterales",21
"Bacteria","Oceanibaculales",4
"Chromista","Ochromonadales",140
"Animalia","Octopoda",410
"Archaea","Odinarchaeales",1
"Animalia","Odonata",7524
"Animalia","Odontopleurida",3
"Chromista","Odontostomatida",48
"Plantae","Oedipodiales",1
"Plantae","Oedogoniales",273
"Animalia","Oegopsida",299
"Bacteria","OLB7",3
"Animalia","Olenellida",11
"Animalia","Oligacanthorhynchida",99
"Bacteria","Oligoflexales",16
"Chromista","Oligotrichida",345
"Fungi","Olpidiales",63
"Chromista","Olpidiopsidales",30
"Plantae","Oltmannsiellopsidales",2
"Bacteria","Omnitrophales",31
"Animalia","Onchoproteocephalidea",720
"Fungi","Onygenales",522
"Plantae","Oocystales",157
"Bacteria","OPB41",39
"Animalia","Ophiacanthida",650
"Animalia","Ophidiiformes",702
"Plantae","Ophioglossales",155
"Animalia","Ophioleucida",34
"Animalia","Ophioscolecida",77
"Fungi","Ophiostomatales",338
"Animalia","Opilioacarida",58
"Animalia","Opiliones",6834
"Animalia","Opisthocomiformes",4
"Bacteria","Opitutales",242
"Fungi","Orbiliales",830
"Animalia","Orectolobiformes",164
"Fungi","Orphellales",15
"Viruses","Ortervirales",338
"Animalia","Orthocerida",409
"Plantae","Orthodontiales",20
"Viruses","Orthopolintovirales",2
"Animalia","Orthoptera",30233
"Chromista","Orthoseirales",41
"Plantae","Orthotrichales",800
"Bacteria","Oscillospirales",2082
"Animalia","Osmeriformes",405
"Plantae","Osmundales",146
"Animalia","Osteoglossiformes",304
"Animalia","Ostreida",1939
"Fungi","Ostropales",3447
"Animalia","Otidiformes",38
"Viruses","Ourlivirales",162
"Plantae","Oxalidales",2236
"Protozoa","Oxymonadida",8
"Chromista","Oxyrrhinales",1
"Chromista","Oxytrichida",621
"Bacteria","Ozemobacterales",17
"Bacteria","P2-11E",25
"Archaea","Pacearchaeales",148
"Bacteria","Paceibacterales",121
"Fungi","Pachnocybales",4
"Bacteria","Paenibacillales",390
"Animalia","Palaeocopida",987
"Animalia","Palaeodictyoptera",298
"Animalia","Palaeoisopoda",1
"Animalia","Palaeopantopoda",1
"Plantae","Pallaviciniales",82
"Plantae","Palmariales",33
"Plantae","Palmophyllales",3
"Animalia","Palpigradi",124
"Chromista","Palpitida",1
"Bacteria","Palsa",1
"Bacteria","Pan216",1
"Plantae","Pandanales",1750
"Animalia","Pantopoda",1420
"Animalia","Paoliida",90
"Protozoa","Parabodonida",22
"Bacteria","Paracaedibacterales",16
"Animalia","Parachela",866
"Chromista","Paracinetida",16
"Plantae","Paracryphiales",40
"Fungi","Paraglomerales",12
"Chromista","Paraliales",33
"Fungi","Pararamichloridiales",3
"Fungi","Parasympodiellales",10
"Chromista","Parathuramminida",465
"Chromista","Parmales",2
"Archaea","Parvarchaeales",3
"Bacteria","Parvibaculales",28
"Animalia","Parvidrilida",9
"Animalia","Passeriformes",7627
"Viruses","Patatavirales",247
"Fungi","Patellariales",183
"Animalia","Paucituberculata",107
"Chromista","Pavlovales",12
"Animalia","Paxillosida",598
"Animalia","Pectinida",3919
"Chromista","Pedinellales",17
"Animalia","Pedinoida",51
"Plantae","Pedinomonadales",4
"Bacteria","Pedosphaerales",183
"Animalia","Pedunculata",957
"Bacteria","Pelagibacterales",275
"Chromista","Pelagomonadales",2
"Animalia","Pelecaniformes",230
"Plantae","Pelliales",17
"Fungi","Peltigerales",1500
"Chromista","Peniculida",147
"Animalia","Pennatulacea",6
"Bacteria","Peptococcales",27
"Bacteria","Peptostreptococcales",338
"Animalia","Peramelemorphia",69
"Protozoa","Peranemida",9
"Animalia","Perciformes",15163
"Animalia","Percopsiformes",25
"Bacteria","Peribacterales",44
"Chromista","Peridiniales",605
"Animalia","Peripodida",3
"Animalia","Perissodactyla",1040
"Chromista","Peritrichida",1878
"Chromista","Perkinsida",4
"Chromista","Peronosporales",1308
"Animalia","Persiculida",40
"Fungi","Pertusariales",1216
"Protozoa","Petalomonadida",58
"Viruses","Petitvirales",42
"Animalia","Petromyzontiformes",57
"Plantae","Petrosaviales",4
"Bacteria","Petrotogales",33
"Plantae","Peyssonneliales",85
"Bacteria","PEYW01",1
"Fungi","Pezizales",3241
"Archaea","PEZQ01",3
"Bacteria","PFEM01",3
"Bacteria","PH28-bin88",3
"Fungi","Phacidiales",228
"Chromista","Phacodiniida",4
"Animalia","Phacopida",1065
"Chromista","Phaeocystales",8
"Fungi","Phaeomoniellales",38
"Chromista","Phaeothamniales",26
"Fungi","Phaeothecales",3
"Fungi","Phaeotrichales",11
"Animalia","Phaethontiformes",7
"Protozoa","Phalansteriida",2
"Fungi","Phallales",208
"Bacteria","PHAN01",2
"Animalia","Phascolosomatiformes",50
"Animalia","Phasmida",3552
"Bacteria","PHBI01",6
"Chromista","Philasterida",32
"Animalia","Phlebobranchia",349
"Animalia","Phoenicopteriformes",23
"Animalia","Pholidota",25
"Fungi","Phomatosporales",86
"Bacteria","Phormidesmiales",29
"Animalia","Phragmophora",70
"Bacteria","Phycisphaerales",176
"Fungi","Phyllachorales",1370
"Animalia","Phyllobothriidea",189
"Animalia","Phylloceratida",301
"Animalia","Phyllodocida",5194
"Chromista","Phyllosiphonales",1
"Plantae","Phymatocerotales",2
"Animalia","Phymosomatoida",159
"Protozoa","Physarales",478
"Fungi","Physodermatales",99
"Chromista","Phytodiniales",16
"Viruses","Piccovirales",300
"Animalia","Piciformes",532
"Plantae","Picocystales",1
"Chromista","Picomonadida",1
"Viruses","Picornavirales",475
"Plantae","Picramniales",56
"Animalia","Pilosa",440
"Viruses","Pimascovirales",35
"Plantae","Pinales",1918
"Chromista","Pinguiochrysidales",2
"Plantae","Piperales",4956
"Bacteria","Pirellulales",244
"Chromista","Piroplasmorida",6
"Bacteria","Piscirickettsiales",4
"Fungi","Pisorisporiales",7
"Bacteria","PIVX01",2
"Bacteria","PIWD01",1
"Chromista","Plagiopylida",34
"Animalia","Plagiorchiida",9856
"Chromista","Plagiotomida",39
"Bacteria","Planctomycetales",82
"Chromista","Plasmodiophorida",52
"Animalia","Platycopida",854
"Animalia","Platycopioida",11
"Animalia","Platyctenida",49
"Animalia","Platydesmida",83
"Fungi","Platygloeales",74
"Animalia","Plecoptera",4521
"Animalia","Plectida",794
"Fungi","Pleosporales",13330
"Plantae","Pleurastrales",2
"Animalia","Pleurobranchida",125
"Animalia","Pleuronectiformes",1010
"Chromista","Pleuronematida",47
"Chromista","Pleurostomatida",327
"Fungi","Pleurotheciales",49
"Animalia","Pleurotomariida",2112
"Plantae","Pleuroziales",12
"Plantae","Plocamiales",34
"Protozoa","Ploeotiida",1
"Animalia","Ploima",1581
"Animalia","Plumatellida",116
"Fungi","Pneumocystales",8
"Plantae","Poales",29095
"Animalia","Podicipediformes",42
"Animalia","Podocopida",11028
"Chromista","Podorhabdales",144
"Animalia","Poduromorpha",3669
"Animalia","Poecilosclerida",2539
"Viruses","Polivirales",1
"Animalia","Polyacanthorhynchida",4
"Bacteria","Polyangiales",90
"Animalia","Polyarthra",88
"Fungi","Polychytriales",1
"Animalia","Polydesmida",6089
"Animalia","Polymastiida",139
"Animalia","Polymixiiformes",35
"Animalia","Polymorphida",383
"Chromista","Polymorphinida",2711
"Animalia","Polyplacotomea",1
"Plantae","Polypodiales",11113
"Fungi","Polyporales",4282
"Animalia","Polypteriformes",36
"Animalia","Polystilifera",150
"Animalia","Polystomatidea",192
"Plantae","Polytrichales",226
"Animalia","Polyxenida",183
"Animalia","Polyzoniida",127
"Chromista","Pontismatales",3
"Plantae","Porellales",3076
"Bacteria","Porisulfidales",4
"Animalia","Porocephalida",89
"Plantae","Porphyridiales",6
"Bacteria","Portnoybacterales",20
"Bacteria","Portnoybacterales_A",3
"Archaea","Poseidoniales",236
"Protozoa","Postgaardida",1
"Plantae","Pottiales",1330
"Plantae","Prasiolales",39
"Animalia","Priapulomorpha",19
"Viruses","Priklausovirales",3
"Animalia","Primates",1301
"Viruses","Primavirales",3
"Animalia","Pristiophoriformes",26
"Animalia","Proboscidea",209
"Animalia","Procellariiformes",215
"Animalia","Proetida",1238
"Protozoa","Prokinetoplastida",1
"Animalia","Prolecanitida",296
"Animalia","Prolecithophora",199
"Bacteria","Promineofilales",23
"Animalia","Proparia",7
"Bacteria","Propionibacteriales",345
"Bacteria","Propionisporales",8
"Animalia","Prorhynchida",30
"Chromista","Prorocentrales",49
"Chromista","Prorodontida",13
"Animalia","Proseriata",527
"Chromista","Prostomatida",413
"Plantae","Proteales",2427
"Bacteria","Proteinivoracales",6
"Chromista","Protococcidiorida",7
"Animalia","Protocoleoptera",138
"Chromista","Protocruziida",10
"Chromista","Protoheterotrichida",25
"Chromista","Protoraphidales",4
"Animalia","Protorthoptera",154
"Protozoa","Protosteliales",31
"Animalia","Protura",846
"Chromista","Prymnesiales",65
"Bacteria","PS1",28
"Bacteria","Pseudanabaenales",41
"Fungi","Pseudodactylariales",7
"Plantae","Pseudoditrichales",2
"Chromista","Pseudoholophryida",9
"Bacteria","Pseudomonadales",1569
"Animalia","Pseudoscorpiones",4467
"Plantae","Pseudoscourfieldiales",30
"Plantae","Psilotales",21
"Animalia","Psittaciformes",491
"Animalia","Psocodea",11893
"Animalia","Pteroclidiformes",20
"Animalia","Pteropoda",453
"Plantae","Ptilidiales",8
"Plantae","Ptychomniales",49
"Animalia","Ptychopariida",1309
"Fungi","Pucciniales",8543
"Bacteria","Puniceispirillales",111
"Archaea","PWEA01",9
"Bacteria","PWKH01",4
"Archaea","PWKY01",9
"Bacteria","PWKZ01",1
"Bacteria","PWPR01",1
"Bacteria","PWTM01",4
"Bacteria","PWVN01",2
"Bacteria","PWYM01",4
"Bacteria","PXCX01",2
"Animalia","Pygophora",67
"Plantae","Pyramimonadales",46
"Chromista","Pyrenomonadales",75
"Fungi","Pyrenulales",409
"Bacteria","Pyrinomonadales",79
"Chromista","Pyrocystales",9
"Animalia","Pyrosomatida",8
"Fungi","Pyxidiophorales",33
"Bacteria","QHBO01",10
"Bacteria","QHYA01",1
"Archaea","QMSL01",2
"Archaea","QMZP01",25
"Archaea","QMZS01",3
"Bacteria","QNBC01",3
"Bacteria","QNFE01",1
"Bacteria","QNFN01",2
"Bacteria","QQUJ01",1
"Bacteria","QS-5-54-17",2
"Fungi","Quasiramulariales",1
"Bacteria","QZLD01",2
"Animalia","Rajiformes",505
"Chromista","Ralfsiales",25
"Animalia","Randiellida",4
"Plantae","Ranunculales",7029
"Animalia","Raphidioptera",414
"Bacteria","RBC074",12
"Plantae","Receptaculitales",12
"Viruses","Recrevirales",2
"Bacteria","REDH01",5
"Animalia","Redlichiida",338
"Bacteria","REEB76",2
"Viruses","Reovirales",99
"Bacteria","RES148",4
"Protozoa","Retortamonadida",2
"Bacteria","Reyranellales",10
"Bacteria","RF32",133
"Bacteria","RF39",277
"Bacteria","RFN20",126
"Bacteria","RFP12",130
"Bacteria","RGIG6154",5
"Bacteria","RGIG8785",1
"Bacteria","RGIG982",2
"Bacteria","RGZZ01",2
"Animalia","Rhabditida",10240
"Animalia","Rhabdocoela",1903
"Chromista","Rhabdonematales","45"
"Animalia","Rhabdopleurida","29"
"Chromista","Rhaponeidales","201"
"Animalia","Rheiformes","13"
"Animalia","Rhinebothriidea","210"
"Animalia","Rhinopristiformes","182"
"Chromista","Rhipidiales","22"
"Bacteria","Rhizobiales","1107"
"Bacteria","Rhizobiales_A","123"
"Bacteria","Rhizobiales_B","18"
"Fungi","Rhizocarpales","181"
"Chromista","Rhizochloridales","15"
"Plantae","Rhizogoniales","34"
"Fungi","Rhizophlyctidales","37"
"Fungi","Rhizophydiales","208"
"Chromista","Rhizosoleniales","301"
"Animalia","Rhizostomeae","127"
"Plantae","Rhodachlyales","3"
"Plantae","Rhodellales","1"
"Bacteria","Rhodobacterales","959"
"Plantae","Rhodochaetales","1"
"Plantae","Rhodogorgonales","4"
"Bacteria","Rhodospirillales","161"
"Bacteria","Rhodothermales","49"
"Plantae","Rhodymeniales","244"
"Chromista","Rhopalodiales","260"
"Animalia","Rhynchobdellida","386"
"Animalia","Rhynchonellida","2067"
"Fungi","Rhytismatales","795"
"Bacteria","RI-283","1"
"Animalia","Ricinulei","118"
"Bacteria","Rickettsiales","166"
"Bacteria","RKRP01","5"
"Bacteria","RKRQ01","3"
"Fungi","Robbauerales","1"
"Chromista","Robertinida","623"
"Animalia","Rodentia","5587"
"Bacteria","Rokubacteriales","53"
"Plantae","Rosales","13655"
"Fungi","Rosettozymales","3"
"Chromista","Rotaliida","14763"
"Viruses","Rowavirales","89"
"Protozoa","Rozellida","11"
"Chromista","Rozellopsidales","29"
"Bacteria","RPQK01","4"
"Bacteria","Rubeoparvulales","1"
"Bacteria","Rubrobacterales","18"
"Plantae","Rufusiales","1"
"Bacteria","RUG11792","14"
"Bacteria","RUG12999","7"
"Animalia","Runcinida","82"
"Fungi","Russulales","3656"
"Bacteria","Ryanbacterales","8"
"Bacteria","RZYC01","2"
"Bacteria","S016-19","1"
"Bacteria","S016-38","1"
"Bacteria","S139-126","2"
"Bacteria","S140-20","1"
"Bacteria","S140-43","2"
"Bacteria","S141-70","1"
"Bacteria","S141-80","1"
"Bacteria","S143-82","2"
"Bacteria","S144-34","2"
"Bacteria","S146-70","1"
"Bacteria","S146-80","1"
"Bacteria","S15B-MN24","6"
"Animalia","Sabellida","2043"
"Bacteria","Saccharimonadales","157"
"Bacteria","Saccharofermentanales","67"
"Fungi","Saccharomycetales","1537"
"Animalia","Saccopharyngiformes","32"
"Fungi","Sakaguchiales","6"
"Animalia","Salenioida","163"
"Animalia","Salmoniformes","409"
"Animalia","Salpida","71"
"Plantae","Salviniales","130"
"Fungi","Sanchytriales","2"
"Plantae","Santalales","2758"
"Plantae","Sapindales","7961"
"Chromista","Saprolegniales","270"
"Bacteria","SAR202","29"
"Bacteria","SAR202-VII-2","1"
"Bacteria","SAR86","118"
"Chromista","Sarcinochrysidales","6"
"Animalia","Sarcoptiformes","14542"
"Fungi","Sareales","21"
"Fungi","Savoryellales","55"
"Plantae","Saxifragales","3873"
"Bacteria","SB-45","22"
"Bacteria","SB21","5"
"Bacteria","SBBB01","1"
"Bacteria","SBBC01","14"
"Bacteria","SBBL01","8"
"Bacteria","SC72","35"
"Animalia","Scalpelliformes","51"
"Animalia","Scandentia","38"
"Animalia","Sceptrulophora","396"
"Fungi","Schaereriales","21"
"Plantae","Schizaeales","372"
"Animalia","Schizomida","396"
"Protozoa","Schizopyrenida","22"
"Fungi","Schizosaccharomycetales","7"
"Animalia","Scleractinia","8788"
"Animalia","Scleralcyonacea","1376"
"Fungi","Sclerococcales","110"
"Animalia","Scolopendromorpha","834"
"Animalia","Scopalinida","40"
"Animalia","Scorpaeniformes","2166"
"Animalia","Scorpiones","3616"
"Plantae","Scotinosphaerales","1"
"Plantae","Scouleriales","59"
"Plantae","Scourfieldiales","3"
"Bacteria","SCPX01","1"
"Chromista","Scuticociliatida","220"
"Animalia","Scutigeromorpha","103"
"Chromista","Scytosiphonales","40"
"Chromista","Scytothamnales","7"
"Fungi","Sebacinales","126"
"Plantae","Sebdeniales","11"
"Bacteria","Sedimentisphaerales","77"
"Animalia","Seguenziida","1035"
"Animalia","Seisonacea","3"
"Plantae","Selaginellales","817"
"Bacteria","Selenomonadales","96"
"Animalia","Semaeostomeae","120"
"Animalia","Sepiida","233"
"Viruses","Sepolyvirales","234"
"Animalia","Septemchitonida","23"
"Fungi","Septobasidiales","247"
"Viruses","Serpentovirales","16"
"Animalia","Sessilia","1116"
"Animalia","Seticoronaria","2"
"Bacteria","SG8-11","4"
"Bacteria","SG8-24","90"
"Archaea","SG8-5","5"
"Bacteria","SHNJ01","1"
"Bacteria","SHVP01","2"
"Bacteria","SHVR01","1"
"Bacteria","SHVT01","1"
"Bacteria","SHVV01","3"
"Bacteria","SHVW01","2"
"Bacteria","SHVZ01","5"
"Bacteria","SHWA01","1"
"Bacteria","SHXV01","1"
"Bacteria","SHYB01","5"
"Bacteria","SHYD01","5"
"Bacteria","SHYM01","2"
"Bacteria","SICM01","1"
"Archaea","Sifarchaeales","1"
"Animalia","Siluriformes","4489"
"Bacteria","Silvanigrellales","12"
"Animalia","Siphonaptera","2268"
"Animalia","Siphonariida","166"
"Animalia","Siphoniulida","4"
"Plantae","Siphonocladales","62"
"Animalia","Siphonocryptida","7"
"Animalia","Siphonophorae","238"
"Animalia","Siphonophorida","133"
"Animalia","Siphonostomatoida","2454"
"Animalia","Siphonotretida","23"
"Animalia","Sipunculiformes","47"
"Animalia","Sirenia","96"
"Fungi","Sistotremastrales","14"
"Bacteria","SK-Y3","4"
"Bacteria","SKNC01","4"
"Bacteria","SKWO01","1"
"Bacteria","SKZP01","1"
"Bacteria","SLAD01","13"
"Bacteria","SLMS01","3"
"Bacteria","SLND01","3"
"Bacteria","SLOV01","1"
"Bacteria","SLPQ01","1"
"Bacteria","SLRQ01","2"
"Bacteria","SM1-40","1"
"Bacteria","SM23-28-2","13"
"Bacteria","SM23-32","7"
"Bacteria","SM23-33","19"
"Bacteria","SM23-42","8"
"Bacteria","SM23-81","1"
"Bacteria","SMWH01","1"
"Bacteria","SMXP01","3"
"Bacteria","SMXQ01","3"
"Bacteria","SMXS01","2"
"Bacteria","SMYD01","1"
"Bacteria","Sneathiellales","8"
"Viruses","Sobelivirales","62"
"Plantae","Solanales","5215"
"Animalia","Solemyida","228"
"Animalia","Solifugae","1250"
"Bacteria","Solirubrobacterales","98"
"Animalia","Solitaria","53"
"Fungi","Sordariales","1645"
"Animalia","Soricomorpha","1000"
"Chromista","Sorogenida","2"
"Bacteria","SP197","6"
"Animalia","Spatangoida","1348"
"Animalia","Spathebothriidea","9"
"Chromista","Spathidiida","461"
"Fungi","Spathulosporales","6"
"Bacteria","SPBP01","1"
"Bacteria","SPDA01","2"
"Bacteria","Spechtbacterales","5"
"Chromista","Sphacelariales","54"
"Animalia","Sphaeriida","776"
"Plantae","Sphaerocarpales","69"
"Bacteria","Sphaerochaetales","46"
"Animalia","Sphaerocladina","14"
"Plantae","Sphaeropleales","507"
"Animalia","Sphaerotheriida","409"
"Plantae","Sphagnales","320"
"Animalia","Sphenisciformes","96"
"Bacteria","Sphingobacteriales","291"
"Bacteria","Sphingomonadales","585"
"Fungi","Spiculogloeales","15"
"Animalia","Spinulosida","150"
"Chromista","Spirillinida","868"
"Animalia","Spirobolida","1314"
"Bacteria","Spirochaetales_A","4"
"Bacteria","Spirochaetales_E","14"
"Animalia","Spirostreptida","2137"
"Protozoa","Spirotrichonymphida","9"
"Animalia","Spirulida","12"
"Fungi","Spizellomycetales","32"
"Bacteria","SPJN01","1"
"Plantae","Splachnales","90"
"Bacteria","SPLOWO2-01-44-7","3"
"Animalia","Spongillida","297"
"Bacteria","Sporichthyales","3"
"Fungi","Sporidiobolales","79"
"Chromista","Sporochnales","16"
"Bacteria","Sporomusales","22"
"Bacteria","Sporomusales_A","3"
"Chromista","Spumellaria","325"
"Animalia","Squaliformes","252"
"Animalia","Squatiniformes","49"
"Bacteria","SRT547","3"
"Bacteria","SS1-B-03-39","6"
"Bacteria","SSC4","2"
"Bacteria","Staphylococcales","131"
"Animalia","Stauromedusae","56"
"Animalia","Steatornithiformes","4"
"Viruses","Stellavirales","22"
"Animalia","Stemmiulida","161"
"Protozoa","Stemonitidales","243"
"Animalia","Stephanoberyciformes","89"
"Chromista","Stephanolithiales","56"
"Protozoa","Stereomyxida","4"
"Fungi","Stereopsidales","18"
"Bacteria","Steroidobacterales","83"
"Animalia","Stichocotylida","2"
"Chromista","Stichotrichida","220"
"Chromista","Stictocyclales","1"
"Chromista","Stictodiscales","117"
"Fungi","Stigmatodiscales","8"
"Animalia","Stolidobranchia","1070"
"Animalia","Stomatopoda","540"
"Animalia","Stomiiformes","540"
"Animalia","Stomopneustoida","65"
"Animalia","Strepsiptera","696"
"Bacteria","Streptomycetales","775"
"Bacteria","Streptosporangiales","304"
"Chromista","Striatellales","132"
"Animalia","Strigiformes","350"
"Fungi","Strigulales","149"
"Chromista","Strombidiida","155"
"Animalia","Struthioniformes","38"
"Animalia","Stylommatophora","28012"
"Plantae","Stylonematales","19"
"Animalia","Suberitida","554"
"Bacteria","Subteraquimicrobiales","2"
"Chromista","Suctorida","450"
"Chromista","Suessiales","10"
"Bacteria","Sulfobacillales","8"
"Archaea","Sulfolobales","128"
"Animalia","Suliformes","141"
"Bacteria","Sumerlaeales","4"
"Bacteria","Sungbacterales","18"
"Fungi","Superstratomycetales","4"
"Chromista","Surirellales","1226"
"Bacteria","SW-4-49-11","3"
"Bacteria","SXXA01","6"
"Plantae","Sycidiales","15"
"Animalia","Symbiida","2"
"Bacteria","Symbiobacteriales","6"
"Fungi","Symbiotaphrinales","7"
"Animalia","Symphypleona","1200"
"Animalia","Synallactida","142"
"Animalia","Synbranchiformes","135"
"Chromista","Syndiniales","2"
"Bacteria","Synechococcales","64"
"Bacteria","Synergistales","72"
"Animalia","Syngnathiformes","480"
"Chromista","Synhymeniida","36"
"Bacteria","Syntrophales","86"
"Archaea","Syntropharchaeales","2"
"Bacteria","Syntrophobacterales","30"
"Bacteria","Syntrophomonadales","55"
"Bacteria","Syntrophorhabdales","17"
"Chromista","Synurales","156"
"Chromista","Syracosphaerales","71"
"Chromista","Syringodermatales","2"
"Animalia","Systellommatophora","288"
"Chromista","Tabellariales","109"
"Plantae","Takakiales","2"
"Fungi","Talbotiomycetales","1"
"Animalia","Tanaidacea","1643"
"Bacteria","TANB77","61"
"Fungi","Taphrinales","186"
"Archaea","TCS64","12"
"Fungi","Teloschistales","1147"
"Bacteria","Tenderiales","3"
"Animalia","Tentaculitida","12"
"Bacteria","Tepidibacillales","7"
"Bacteria","Tepidiformales","18"
"Bacteria","Tepidisphaerales","9"
"Animalia","Terebratulida","2430"
"Bacteria","Termititenacales","2"
"Bacteria","Terrybacterales","4"
"Animalia","Tethyida","212"
"Animalia","Tetrabothriidea","83"
"Animalia","Tetractinellida","1314"
"Animalia","Tetramerocerata","1026"
"Animalia","Tetraodontiformes","757"
"Plantae","Tetraphidales","5"
"Animalia","Tetraphyllidea","156"
"Plantae","Tetrasporales","66"
"Chromista","Textulariida","1959"
"Chromista","Thalassionematales","41"
"Chromista","Thalassiophysales","867"
"Chromista","Thalassiosirales","1007"
"Bacteria","Thalassobaculales","21"
"Animalia","Thalassocalycida","1"
"Chromista","Thallochrysidales","3"
"Animalia","Thecideida","158"
"Fungi","Thelebolales","174"
"Fungi","Thelephorales","536"
"Fungi","Thelocarpales","41"
"Bacteria","Thermacetogeniales","12"
"Bacteria","Thermaerobacterales","7"
"Bacteria","Thermicanales","1"
"Bacteria","Thermincolales","9"
"Bacteria","Thermoactinomycetales","52"
"Bacteria","Thermoanaerobacterales","35"
"Bacteria","Thermoanaerobaculales","9"
"Bacteria","Thermobaculales","6"
"Archaea","Thermococcales","61"
"Bacteria","Thermodesulfobacteriales","22"
"Bacteria","Thermodesulfobiales","2"
"Bacteria","Thermodesulfovibrionales","77"
"Archaea","Thermofilales","21"
"Bacteria","Thermoflexales","18"
"Bacteria","Thermomicrobiales","37"
"Archaea","Thermoplasmatales","21"
"Archaea","Thermoproteales","29"
"Animalia","Thermosbaenacea","45"
"Bacteria","Thermosediminibacterales","16"
"Bacteria","Thermosulfidibacterales","6"
"Bacteria","Thermosynechococcales","14"
"Bacteria","Thermotogales","36"
"Bacteria","Thermotomaculales","5"
"Animalia","Thermozodia","1"
"Bacteria","Thiohalobacterales","2"
"Bacteria","Thiohalomonadales","9"
"Bacteria","Thiohalorhabdales","2"
"Bacteria","Thiohalospirales","2"
"Bacteria","Thiomicrospirales","27"
"Bacteria","Thiotrichales","29"
"Chromista","Thoracosphaerales","58"
"Archaea","Thorarchaeales","40"
"Plantae","Thoreales","6"
"Chromista","Thraustochytrida","53"
"Animalia","Thysanoptera","6735"
"Archaea","Tiddalikarchaeales","3"
"Fungi","Tilletiales","242"
"Chromista","Tilopteridales","6"
"Viruses","Timlovirales","447"
"Plantae","Timmiales","8"
"Animalia","Tinamiformes","55"
"Chromista","Tintinnida","393"
"Fungi","Tirisporellales","2"
"Bacteria","Tissierellales","168"
"Bacteria","Tistrellales","2"
"Animalia","Titanoptera","8"
"Bacteria","TMED109","15"
"Bacteria","TMED127","8"
"Bacteria","TMED2","2"
"Fungi","Togniniales","79"
"Viruses","Tolivirales","187"
"Animalia","Torpediniformes","85"
"Fungi","Torpedosporales","3"
"Chromista","Toxariales","5"
"Chromista","Tracheliida","6"
"Chromista","Trachelocercida","107"
"Animalia","Trachycladida","10"
"Animalia","Trachymedusae","72"
"Fungi","Tracyllales","1"
"Plantae","Trebouxiales","46"
"Fungi","Trechisporales","175"
"Fungi","Tremellales","643"
"Fungi","Tremellodendropsidales","7"
"Plantae","Trentepohliales","42"
"Bacteria","Treponematales","274"
"Animalia","Trepostomatida","2907"
"Plantae","Treubiales","10"
"Fungi","Triblidiales","34"
"Chromista","Tribonematales","28"
"Chromista","Triceratiales","1254"
"Animalia","Trichasteropsida","4"
"Protozoa","Trichiales","212"
"Animalia","Trichinellida","310"
"Protozoa","Trichonymphida","3"
"Animalia","Trichoplacea","2"
"Animalia","Trichoptera","14632"
"Fungi","Trichosphaeriales","194"
"Fungi","Trichosporonales","68"
"Chromista","Trichostomatida","87"
"Animalia","Tricladida","1916"
"Animalia","Trigoniida","2280"
"Animalia","Triplonchida","462"
"Fungi","Tritirachiales","18"
"Animalia","Trochida","5039"
"Plantae","Trochodendrales","15"
"Animalia","Trogoniformes","52"
"Animalia","Trombidiformes","17762"
"Animalia","Tryblidiida","78"
"Animalia","Trypanorhyncha","380"
"Protozoa","Trypanosomatida","106"
"Fungi","Trypetheliales","656"
"Animalia","Tuarangiida","2"
"Fungi","Tubeufiales","471"
"Animalia","Tubificida","1354"
"Viruses","Tubulavirales","93"
"Animalia","Tubulidentata","19"
"Bacteria","Tumebacillales","13"
"Bacteria","Turneriellales","3"
"Fungi","Turquoiseomycetales","1"
"Viruses","Tymovirales","301"
"Bacteria","UBA10015","41"
"Bacteria","UBA10025","3"
"Bacteria","UBA10092","7"
"Bacteria","UBA10105","18"
"Archaea","UBA10117","18"
"Bacteria","UBA101185","28"
"Bacteria","UBA1018","32"
"Bacteria","UBA10183","14"
"Bacteria","UBA10190","6"
"Bacteria","UBA10575","10"
"Bacteria","UBA1062","14"
"Bacteria","UBA1063","9"
"Bacteria","UBA10806","4"
"Archaea","UBA10834","10"
"Bacteria","UBA11029","1"
"Bacteria","UBA11073","2"
"Bacteria","UBA1113","4"
"Bacteria","UBA11136","2"
"Bacteria","UBA11222","2"
"Bacteria","UBA11236","2"
"Bacteria","UBA1127","8"
"Bacteria","UBA1146","14"
"Bacteria","UBA1149","6"
"Bacteria","UBA1151","21"
"Bacteria","UBA11654","9"
"Bacteria","UBA11705","11"
"Bacteria","UBA12015","7"
"Bacteria","UBA1212","32"
"Bacteria","UBA12157","3"
"Bacteria","UBA12178","2"
"Bacteria","UBA12225","5"
"Bacteria","UBA12247","1"
"Bacteria","UBA12402","7"
"Bacteria","UBA12405","26"
"Bacteria","UBA1247","1"
"Bacteria","UBA1280","13"
"Bacteria","UBA1369","57"
"Bacteria","UBA1381","52"
"Bacteria","UBA1398","2"
"Bacteria","UBA1400","84"
"Bacteria","UBA1406","55"
"Bacteria","UBA1407","48"
"Bacteria","UBA1429","13"
"Bacteria","UBA1444","3"
"Bacteria","UBA1544","1"
"Bacteria","UBA1558","24"
"Bacteria","UBA1560","1"
"Bacteria","UBA1565","32"
"Bacteria","UBA1572","5"
"Archaea","UBA184","5"
"Bacteria","UBA1845","41"
"Bacteria","UBA1874","1"
"Bacteria","UBA1875","2"
"Archaea","UBA202","8"
"Bacteria","UBA2169","7"
"Bacteria","UBA2196","9"
"Bacteria","UBA2199","12"
"Bacteria","UBA2200","7"
"Bacteria","UBA2201","1"
"Bacteria","UBA2241","10"
"Bacteria","UBA2247","1"
"Bacteria","UBA2258","16"
"Bacteria","UBA2386","17"
"Bacteria","UBA2392","6"
"Bacteria","UBA2400","1"
"Bacteria","UBA2466","11"
"Bacteria","UBA2562","1"
"Bacteria","UBA2565","1"
"Bacteria","UBA2591","10"
"Bacteria","UBA2766","1"
"Bacteria","UBA2770","2"
"Bacteria","UBA2774","10"
"Bacteria","UBA2777","1"
"Archaea","UBA287","2"
"Bacteria","UBA2963","6"
"Bacteria","UBA2966","3"
"Bacteria","UBA2979","25"
"Bacteria","UBA2985","5"
"Bacteria","UBA3071","2"
"Bacteria","UBA3085","3"
"Bacteria","UBA3088","1"
"Bacteria","UBA3495","38"
"Bacteria","UBA3505","1"
"Bacteria","UBA3561","1"
"Bacteria","UBA3575","2"
"Bacteria","UBA3830","12"
"Bacteria","UBA4068","16"
"Bacteria","UBA4142","11"
"Bacteria","UBA4248","10"
"Bacteria","UBA4473","7"
"Bacteria","UBA4486","25"
"Bacteria","UBA4575","7"
"Archaea","UBA460","14"
"Bacteria","UBA4664","3"
"Bacteria","UBA4971","11"
"Bacteria","UBA4975","8"
"Bacteria","UBA5066","9"
"Bacteria","UBA5070","3"
"Bacteria","UBA5335","5"
"Bacteria","UBA5500","3"
"Bacteria","UBA5704","20"
"Bacteria","UBA5794","41"
"Bacteria","UBA5859","1"
"Bacteria","UBA6002","3"
"Bacteria","UBA6126","3"
"Bacteria","UBA6184","3"
"Bacteria","UBA6186","9"
"Bacteria","UBA6215","5"
"Bacteria","UBA6257","96"
"Bacteria","UBA6429","7"
"Bacteria","UBA6522","8"
"Bacteria","UBA6595","1"
"Bacteria","UBA6615","13"
"Bacteria","UBA6729","2"
"Bacteria","UBA6902","21"
"Bacteria","UBA6915","1"
"Bacteria","UBA6926","5"
"Bacteria","UBA6952","9"
"Bacteria","UBA7540","12"
"Bacteria","UBA7656","5"
"Bacteria","UBA7662","13"
"Bacteria","UBA7694","3"
"Bacteria","UBA7702","4"
"Bacteria","UBA7879","6"
"Bacteria","UBA7887","3"
"Bacteria","UBA7916","11"
"Bacteria","UBA7937","5"
"Bacteria","UBA7950","11"
"Bacteria","UBA7966","2"
"Bacteria","UBA7976","5"
"Bacteria","UBA7985","8"
"Bacteria","UBA8153","2"
"Bacteria","UBA817","4"
"Bacteria","UBA8231","9"
"Bacteria","UBA8260","16"
"Bacteria","UBA828","8"
"Bacteria","UBA8317","1"
"Bacteria","UBA8346","5"
"Bacteria","UBA8349","3"
"Bacteria","UBA8366","17"
"Bacteria","UBA8416","19"
"Bacteria","UBA8558","1"
"Bacteria","UBA8890","2"
"Bacteria","UBA8921","1"
"Bacteria","UBA920","24"
"Archaea","UBA9212","2"
"Bacteria","UBA9214","5"
"Bacteria","UBA9219","18"
"Bacteria","UBA9339","4"
"Bacteria","UBA9570","7"
"Bacteria","UBA9615","1"
"Bacteria","UBA9629","2"
"Bacteria","UBA9637","10"
"Bacteria","UBA9649","20"
"Bacteria","UBA9655","9"
"Bacteria","UBA9673","2"
"Bacteria","UBA9936","1"
"Bacteria","UBA995","2"
"Bacteria","UBA9968","20"
"Bacteria","UBA9983","35"
"Bacteria","UBA9983_A","451"
"Bacteria","UCB3","5"
"Fungi","Uleiellales","2"
"Plantae","Ulotrichales","89"
"Plantae","Ulvales","205"
"Bacteria","UM-FILTER-39-15","1"
"Bacteria","UM-FILTER-40-11","3"
"Bacteria","UM-FILTER-42-10","4"
"Bacteria","UM-FILTER-43-11","10"
"Bacteria","UM-FILTER-46-8","3"
"Fungi","Umbelopsidales","25"
"Fungi","Umbilicariales","211"
"Animalia","Umbraculida","17"
"Bacteria","UMGS1260","2"
"Bacteria","UMGS1810","19"
"Bacteria","UMGS1840","11"
"Bacteria","UMGS1883","26"
"Archaea","Undinarchaeales","4"
"Fungi","Unilacrymales","2"
"Animalia","Unionida","2828"
"Fungi","Urocystidales","343"
"Animalia","Uropygi","163"
"Chromista","Urostylida","449"
"Fungi","Ustilaginales","1141"
"Bacteria","UTPRO1","8"
"Chromista","Vaginulinida","3635"
"Plantae","Vahliales","5"
"Fungi","Valsariales","42"
"Animalia","Valvatida","1176"
"Bacteria","Vampirovibrionales","3"
"Animalia","Vampyromorpha","6"
"Protozoa","Vannellida","26"
"Chromista","Vaucheriales","53"
"Bacteria","VBWC01","1"
"Bacteria","Veblenbacterales","5"
"Bacteria","Veillonellales","67"
"Animalia","Velatida","168"
"Animalia","Venerida","4136"
"Fungi","Venturiales","711"
"Fungi","Vermiculariopsiellales","27"
"Animalia","Verongiida","110"
"Fungi","Verrucariales","1212"
"Bacteria","Verrucomicrobiales","126"
"Fungi","Vezdaeales","15"
"Bacteria","VFKW01","1"
"Bacteria","VGDZ01","1"
"Bacteria","VGKN01","1"
"Bacteria","VGLL01","1"
"Bacteria","VGOG01","1"
"Bacteria","Vicinamibacterales","86"
"Bacteria","Victivallales","102"
"Viruses","Vinavirales","4"
"Fungi","Violaceomycetales","1"
"Plantae","Vitales","1248"
"Bacteria","VMEV01","1"
"Plantae","Volvocales","487"
"Bacteria","VXMN01","2"
"Bacteria","VXOZ01","2"
"Bacteria","VXPW01","1"
"Archaea","WALJ01","1"
"Archaea","WALL01","3"
"Fungi","Wallemiales","10"
"Chromista","Watznaueriales","38"
"Plantae","Welwitschiales","6"
"Bacteria","WFRC01","1"
"Bacteria","WFUO01","1"
"Bacteria","WGAB01","2"
"Bacteria","WHTO01","1"
"Fungi","Wiesneriomycetales","17"
"Archaea","WJKC01","2"
"Bacteria","WLWR01","1"
"Archaea","Woesearchaeales","252"
"Bacteria","Woeseiales","28"
"Viruses","Wolframvirales","2"
"Bacteria","Woykebacterales","2"
"Bacteria","WQYP01","5"
"Bacteria","WRAU01","1"
"Bacteria","WRBN01","4"
"Bacteria","WRCU01","1"
"Bacteria","WRKU01","12"
"Bacteria","WRLR01","1"
"Bacteria","WSZJ01","6"
"Bacteria","WTKD01","1"
"Archaea","Wukongarchaeales","1"
"Bacteria","WVWN01","1"
"Bacteria","WVXJ01","3"
"Bacteria","WVXP01","1"
"Bacteria","WVXT01","2"
"Bacteria","WVZY01","2"
"Bacteria","Xanthomonadales","389"
"Bacteria","Xenobiales","11"
"Animalia","Xenosomata","4"
"Fungi","Xenospadicoidales","9"
"Animalia","Xiphosurida","70"
"Bacteria","XJ16","2"
"Bacteria","XN24","3"
"Bacteria","XYA2-FULL-43-10","4"
"Bacteria","XYB2-FULL-38-15","3"
"Bacteria","XYC2-FULL-46-14","9"
"Bacteria","XYD2-FULL-50-16","8"
"Fungi","Xylariales","4017"
"Fungi","Xylobotryales","9"
"Fungi","Xylonales","1"
"Bacteria","Zavarziniales","3"
"Animalia","Zeiformes","70"
"Fungi","Zeloasperisporiales","8"
"Plantae","Zingiberales","3464"
"Animalia","Zoantharia","535"
"Fungi","Zoopagales","226"
"Animalia","Zoraptera","64"
"Animalia","Zosterogrammida","4"
"Viruses","Zurhausenvirales","133"
"Animalia","Zygentoma","187"
"Plantae","Zygnematales","602"
"Chromista","Zygodiscales","14"
"Fungi","Zygophlyctidales","3"
"Plantae","Zygophyllales","344"
"Bacteria","Zymogeniales","3"
"Animalia",NULL,"96373"
"Archaea",NULL,"187"
"Bacteria",NULL,"2110"
"Chromista",NULL,"3267"
"Fungi",NULL,"6163"
"incertae sedis",NULL,"776"
"Plantae",NULL,"5786"
"Protozoa",NULL,"478"
"Viruses",NULL,"1539"
